阿司匹林,有害垃圾
阿尔卑斯糖,湿垃圾
艾草,湿垃圾
艾叶,湿垃圾
安全帽,可回收垃圾
安全套,干垃圾
按摩棒,干垃圾
密胺碗,可回收垃圾
密胺餐具,可回收垃圾
档案袋,可回收垃圾
肮脏塑料袋,干垃圾
棉袄,可回收垃圾
芭蕉叶,湿垃圾
八角,湿垃圾
八宝饭,湿垃圾
八宝粥,湿垃圾
锅巴,湿垃圾
泥巴,干垃圾
巴旦木壳,湿垃圾
扫把,干垃圾
拖把,干垃圾
旧拖把,干垃圾
浴霸灯,可回收垃圾
浴霸灯泡,有害垃圾
白菜,湿垃圾
白纸,可回收垃圾
百洁布,干垃圾
玻璃摆件,可回收垃圾
一般铁罐,可回收垃圾
板栗,湿垃圾
复印件版纸,可回收垃圾
干拌面,湿垃圾
搅拌棒,干垃圾
搅拌勺,干垃圾
花瓣,湿垃圾
衣服半成品,可回收垃圾
手办,可回收垃圾
蹄膀,湿垃圾
鸡翅膀,湿垃圾
蹄膀骨头,干垃圾
棒骨,干垃圾
胶棒,干垃圾
棉棒,干垃圾
蚌壳,干垃圾
包包,可回收垃圾
包子,湿垃圾
布包,可回收垃圾
包装薄膜,干垃圾
塑料薄膜,干垃圾
薄型塑料袋,干垃圾
保健品,有害垃圾
保龄球,干垃圾
保暖杯,可回收垃圾
汉堡,湿垃圾
汉堡包,湿垃圾
汉堡盒,干垃圾
宝特瓶,可回收垃圾
抱枕,可回收垃圾
报刊,可回收垃圾
报纸,可回收垃圾
海报,可回收垃圾
鲍鱼,干垃圾
鲍鱼壳,干垃圾
爆竹,干垃圾
爆米花,湿垃圾
铁杯,可回收垃圾
纸杯,干垃圾
旧背包,可回收垃圾
贝壳,干垃圾
扇贝,干垃圾
贝壳类,干垃圾
电脑设备,可回收垃圾
被单,可回收垃圾
被套,可回收垃圾
被芯,可回收垃圾
本子,可回收垃圾
绘本,可回收垃圾
课本,可回收垃圾
绷带,干垃圾
鼻毛,干垃圾
鼻屎,干垃圾
鼻涕纸,干垃圾
笔,干垃圾
笔袋,干垃圾
雪碧瓶,可回收垃圾
碧根果壳,干垃圾
冥币,干垃圾
游戏币,可回收垃圾
避孕套,干垃圾
避孕药,有害垃圾
用过的避孕套,干垃圾
鞭炮,干垃圾
牛鞭,湿垃圾
纸张鞭炮,干垃圾
编织袋,干垃圾
便签,干垃圾
变质食品,湿垃圾
变质的食物,湿垃圾
标签,干垃圾
鼠标,可回收垃圾
标签卡,干垃圾
手表,可回收垃圾
钟表,可回收垃圾
电表盒,可回收垃圾
别针,干垃圾
曲别针,干垃圾
瘪掉的篮球,可回收垃圾
冰袋,干垃圾
冰柜,可回收垃圾
冰糖,湿垃圾
葡萄柄,湿垃圾
游戏手柄,可回收垃圾
丙烯,干垃圾
饼干,湿垃圾
大饼,湿垃圾
粉饼,干垃圾
病人换下来的纸尿裤,干垃圾
玻璃,可回收垃圾
玻璃杯,可回收垃圾
玻璃尺,可回收垃圾
菠菜,湿垃圾
菠萝,湿垃圾
菠萝干,湿垃圾
数字音乐播放器,可回收垃圾
微波炉,可回收垃圾
铂金纸,干垃圾
铝箔,可回收垃圾
鋁箔,可回收垃圾
锡箔,干垃圾
鸭脖,湿垃圾
鸭脖子,湿垃圾
捕蚊灯,可回收垃圾
萝卜,湿垃圾
胡萝卜,湿垃圾
萝卜干,湿垃圾
不锈钢,可回收垃圾
不粘锅,可回收垃圾
尿不湿,干垃圾
布,可回收垃圾
布袋,可回收垃圾
电话簿,可回收垃圾
板擦儿,干垃圾
擦屎纸,干垃圾
擦手巾,干垃圾
药材,湿垃圾
彩笔,干垃圾
彩电,可回收垃圾
彩票,干垃圾
菜,湿垃圾
餐盒,干垃圾
餐巾,干垃圾
餐纸,干垃圾
西洋参,湿垃圾
蚕丝,可回收垃圾
蚕豆壳,湿垃圾
残羹,湿垃圾
残花,湿垃圾
残枝,湿垃圾
苍蝇,湿垃圾
苍蝇拍,干垃圾
草,湿垃圾
草莓,湿垃圾
厕纸,干垃圾
厕所纸,干垃圾
手册,可回收垃圾
相册,干垃圾
宣传册,可回收垃圾
插排,可回收垃圾
插头,可回收垃圾
插座,可回收垃圾
叉子,可回收垃圾
塑料叉子,干垃圾
一次性叉子,干垃圾
茶,湿垃圾
茶包,干垃圾
茶袋,干垃圾
搽鼻涕纸,干垃圾
火柴,干垃圾
硅胶铲,干垃圾
木铲板,可回收垃圾
电器产品,可回收垃圾
电子产品,可回收垃圾
水产类弃物,湿垃圾
常温牛奶盒,可回收垃圾
常温牛奶盒子,可回收垃圾
平常喝的茶叶,湿垃圾
长靴,可回收垃圾
长毛绒,可回收垃圾
长生果,湿垃圾
红肠,湿垃圾
香肠,湿垃圾
鱼肠,湿垃圾
唱片,干垃圾
黑胶唱片,干垃圾
超能胶,干垃圾
手抄报,干垃圾
点钞机,可回收垃圾
过朝食品,湿垃圾
防潮盒,可回收垃圾
防潮剂,干垃圾
吸潮剂,干垃圾
炒面,湿垃圾
炒板栗,湿垃圾
炒花生壳,湿垃圾
尘土,干垃圾
灰尘,干垃圾
陈皮,湿垃圾
衬衫,可回收垃圾
衬衣,可回收垃圾
橙,湿垃圾
橙皮,湿垃圾
橙子,湿垃圾
中成药,有害垃圾
成人尿布,干垃圾
集成电路板,可回收垃圾
体重秤,可回收垃圾
吃过的甘蔗,湿垃圾
吃剩的快餐,湿垃圾
吃过的棒棒糖,干垃圾
钥匙,可回收垃圾
车钥匙,干垃圾
金属汤匙,可回收垃圾
電池,有害垃圾
蓄电池,有害垃圾
充电电池,有害垃圾
齿轮,可回收垃圾
牙齿,干垃圾
掉下来的牙齿,干垃圾
尺,干垃圾
尺子,可回收垃圾
铁尺,可回收垃圾
鸡翅,湿垃圾
鸡翅骨头,湿垃圾
白炽灯,有害垃圾
白炽灯泡,有害垃圾
充电宝,可回收垃圾
充电器,可回收垃圾
充电线,可回收垃圾
冲泡饮料,湿垃圾
虫,湿垃圾
虫子,湿垃圾
米虫,湿垃圾
宠物毛,干垃圾
抽纸,干垃圾
绸带,可回收垃圾
丝绸制品,可回收垃圾
臭豆腐,湿垃圾
臭鸡蛋,湿垃圾
臭袜子,干垃圾
打印出来的纸,可回收垃圾
厨余,湿垃圾
厨房纸,干垃圾
厨房垃圾,湿垃圾
除草剂,有害垃圾
除湿盒,可回收垃圾
除湿机,可回收垃圾
传单,可回收垃圾
传真机,可回收垃圾
传真纸,可回收垃圾
手串,干垃圾
窗帘,可回收垃圾
窗纱,干垃圾
床单,可回收垃圾
创可贴,干垃圾
创口贴,干垃圾
用的创可贴,干垃圾
吹风机,可回收垃圾
电吹风,可回收垃圾
锤子,可回收垃圾
铁锤,可回收垃圾
春梅,湿垃圾
唇膏,干垃圾
润唇膏,干垃圾
磁带,干垃圾
磁卡,干垃圾
磁铁,可回收垃圾
瓷片,干垃圾
瓷器,干垃圾
瓷碗,干垃圾
鱼刺,湿垃圾
一次性碗,干垃圾
一次塑料杯,干垃圾
一次性杯子,干垃圾
葱,湿垃圾
葱蒜,湿垃圾
大葱,湿垃圾
醋瓶,可回收垃圾
脆骨,湿垃圾
水果脆,湿垃圾
内存条,可回收垃圾
3.5英寸软盘,干垃圾
打包袋,干垃圾
打包盒,干垃圾
打底裤,可回收垃圾
担担面,湿垃圾
鸡毛掸,干垃圾
鸡毛掸子,干垃圾
海胆,湿垃圾
海胆壳,干垃圾
鸡旦壳,湿垃圾
淡菜,湿垃圾
弹簧,可回收垃圾
子弹,干垃圾
蛋,湿垃圾
蛋糕,湿垃圾
蛋黄,湿垃圾
麦当劳纸袋,可回收垃圾
刀片,可回收垃圾
飞刀,可回收垃圾
剪刀,可回收垃圾
导线,可回收垃圾
塑料管道,可回收垃圾
拍立得,可回收垃圾
的确良,可回收垃圾
破的碗,干垃圾
贝壳的肉,湿垃圾
灯管,有害垃圾
灯泡,有害垃圾
登山杖,可回收垃圾
低温牛奶盒子,可回收垃圾
竹笛,干垃圾
底片,干垃圾
粉底,干垃圾
地毯,可回收垃圾
烟蒂,干垃圾
香烟蒂,干垃圾
抽完的烟蒂,干垃圾
快递袋,干垃圾
快递盒,可回收垃圾
快递箱,可回收垃圾
糕点,湿垃圾
早点盒,干垃圾
垫子,可回收垃圾
护垫,干垃圾
电灯,可回收垃圾
电锅,可回收垃圾
淀粉,湿垃圾
木雕,可回收垃圾
掉落的头发,干垃圾
吊牌,干垃圾
衣服吊牌,干垃圾
钓鱼竿,干垃圾
钓鱼钩,干垃圾
钓鱼线,干垃圾
空调,可回收垃圾
空调机,可回收垃圾
空调扇,可回收垃圾
碟片,干垃圾
光碟,干垃圾
碗碟,干垃圾
丁字裤,干垃圾
铁钉,可回收垃圾
图钉,干垃圾
洋钉,可回收垃圾
机顶盒,可回收垃圾
吸顶灯,有害垃圾
电视机顶盒,可回收垃圾
订书钉,干垃圾
订书机,可回收垃圾
订书针,干垃圾
冬瓜,湿垃圾
冬笋壳,湿垃圾
冬枣核,湿垃圾
动物毛,干垃圾
果冻,湿垃圾
果冻盒,干垃圾
冷冻食品,湿垃圾
电熨斗,可回收垃圾
水斗漏网,干垃圾
大豆,湿垃圾
豆腐,湿垃圾
豆类,湿垃圾
毒鼠强,有害垃圾
杀毒剂,有害垃圾
消毒药片,有害垃圾
电子书阅读器,可回收垃圾
杜蕾斯,干垃圾
温度计,有害垃圾
废温度计,有害垃圾
电子温度计,可回收垃圾
短裤,干垃圾
缎带,可回收垃圾
多肉,湿垃圾
多肉植物,湿垃圾
养乐多瓶,可回收垃圾
花朵,湿垃圾
鹅,湿垃圾
儿童玩具,可回收垃圾
婴儿尿布,干垃圾
耳环,可回收垃圾
耳机,可回收垃圾
耳屎,干垃圾
二手衣物,可回收垃圾
发胶,干垃圾
发蜡,干垃圾
发票,干垃圾
盐酸伐昔洛韦片,有害垃圾
书法纸,可回收垃圾
帆布包,可回收垃圾
番茄,湿垃圾
番薯,湿垃圾
番茄酱,湿垃圾
饭,湿垃圾
菜饭,湿垃圾
饭菜,湿垃圾
魔方,干垃圾
方便筷,干垃圾
方便面,湿垃圾
防腐剂,干垃圾
纺织布,可回收垃圾
纺织品,可回收垃圾
纺织物,可回收垃圾
放大镜,可回收垃圾
录放机,可回收垃圾
咖啡,湿垃圾
咖啡包,湿垃圾
咖啡袋,干垃圾
飞机杯,干垃圾
肥料,干垃圾
肥皂,干垃圾
花肥,干垃圾
夫妻肺片,湿垃圾
废铝,可回收垃圾
废书,可回收垃圾
废铁,可回收垃圾
电费账单,可回收垃圾
粉笔,干垃圾
信封,可回收垃圾
封箱带,干垃圾
密封袋,干垃圾
蜂蜜罐,可回收垃圾
风扇,可回收垃圾
风衣,可回收垃圾
风筝,干垃圾
缝纫针,干垃圾
敷料,干垃圾
护肤品,干垃圾
润肤霜,可回收垃圾
护肤霜瓶,可回收垃圾
服装,可回收垃圾
衣服,可回收垃圾
废衣服,可回收垃圾
腐肉,湿垃圾
复写纸,干垃圾
复印机,可回收垃圾
复印纸,可回收垃圾
富贵竹,湿垃圾
高附加值可回收物,可回收垃圾
咖啡纸杯(内表面附塑料膜),干垃圾
涂改笔,干垃圾
氯化钙除湿剂,干垃圾
笔盖,干垃圾
锅盖,干垃圾
铝盖,可回收垃圾
干果,湿垃圾
干花,湿垃圾
甘蔗,湿垃圾
甘蔗皮,干垃圾
甘蔗渣,湿垃圾
笔杆,干垃圾
晾衣杆,可回收垃圾
桔柑,湿垃圾
竹竿,干垃圾
鸡肝,湿垃圾
感光片,有害垃圾
感冒药,有害垃圾
感光胶片,有害垃圾
麦秆,湿垃圾
钢笔,干垃圾
烟缸,可回收垃圾
鱼缸,可回收垃圾
高粱,湿垃圾
乐高,可回收垃圾
高跟鞋,可回收垃圾
石膏,干垃圾
牙膏,干垃圾
糕饼,湿垃圾
草稿纸,可回收垃圾
写过的草稿纸,可回收垃圾
广告单,可回收垃圾
广告纸,可回收垃圾
小广告,可回收垃圾
大哥大,可回收垃圾
鸽子,湿垃圾
皮革,可回收垃圾
旧包皮革,可回收垃圾
皮革制品,可回收垃圾
蛤蜊,干垃圾
蛤蟆,湿垃圾
花蛤,干垃圾
隔离霜,干垃圾
隔夜菜,湿垃圾
个人计算机,可回收垃圾
各式皮包,可回收垃圾
各类刀、刀片,可回收垃圾
各类过期食品,湿垃圾
菜根,湿垃圾
树根,湿垃圾
菜梗,湿垃圾
桔梗,湿垃圾
菜梗菜叶,湿垃圾
工资卡,可回收垃圾
美工刀,可回收垃圾
公仔,可回收垃圾
公交卡,可回收垃圾
含汞体温计,有害垃圾
含汞温度计,有害垃圾
含汞血压计,有害垃圾
铁钩,可回收垃圾
勾线笔,干垃圾
水垢,干垃圾
购物纸袋,可回收垃圾
塑料购物袋,干垃圾
纸质购物袋,可回收垃圾
菌菇,湿垃圾
蘑菇,湿垃圾
香菇,湿垃圾
晒鼓墨盒,可回收垃圾
古筝,大件垃圾
大骨,干垃圾
谷物,湿垃圾
鸡屁股,湿垃圾
鸭屁股,湿垃圾
烟屁股,干垃圾
固体胶,干垃圾
雨刮器,干垃圾
刮胡子刀片,可回收垃圾
汽车雨刮器,干垃圾
瓜,湿垃圾
瓜果,湿垃圾
挂历,可回收垃圾
挂钟,可回收垃圾
挂号纸,可回收垃圾
铝管,可回收垃圾
吸管,干垃圾
罐头,可回收垃圾
铝罐,可回收垃圾
陶罐,干垃圾
光盘,干垃圾
光驱,可回收垃圾
玫瑰,湿垃圾
玫瑰花,湿垃圾
干枯玫瑰花,湿垃圾
硅胶,干垃圾
乌龟壳,干垃圾
桂圆,湿垃圾
桂圆核,湿垃圾
桂圆壳,湿垃圾
铁棍,可回收垃圾
冰棍棒,干垃圾
糖葫芦棍,干垃圾
锅,可回收垃圾
过滤盒,干垃圾
过滤器,干垃圾
哈密瓜皮,湿垃圾
孩子尿片,干垃圾
小孩尿布,干垃圾
海带,湿垃圾
有害垃圾,有害垃圾
含油抹布,干垃圾
焊丝,可回收垃圾
汗衫,可回收垃圾
记号笔,干垃圾
取号纸,干垃圾
喝过的茶叶,湿垃圾
喝完的药瓶,有害垃圾
喝过的茶叶渣,湿垃圾
荷包蛋,湿垃圾
果核,湿垃圾
梨核,湿垃圾
桃核,湿垃圾
糖和藕粉,湿垃圾
铝合金,可回收垃圾
复合包装,干垃圾
合金玩具,可回收垃圾
笔盒,可回收垃圾
饭盒,干垃圾
河豚,湿垃圾
贺卡,可回收垃圾
黑豆,湿垃圾
黑猪,湿垃圾
烘干机,可回收垃圾
烘手器,可回收垃圾
红笔,干垃圾
红薯,湿垃圾
猕猴桃,湿垃圾
厚纸板,可回收垃圾
厚塑料袋,干垃圾
厚型塑料袋,干垃圾
粉碎后的打印纸,干垃圾
洗净后的牛奶盒,可回收垃圾
打印后的彩色照片,有害垃圾
呼叫器,可回收垃圾
珊瑚,干垃圾
茶壶,干垃圾
油壶,可回收垃圾
玻璃壶,可回收垃圾
胡子,干垃圾
胡椒粉,湿垃圾
浆糊,干垃圾
虎牙,干垃圾
护目镜,干垃圾
花,湿垃圾
菜花,湿垃圾
华为手机,可回收垃圾
金华火腿,湿垃圾
精华液瓶,可回收垃圾
防滑垫,可回收垃圾
润滑剂,干垃圾
润滑油,干垃圾
画笔,干垃圾
画纸,可回收垃圾
胶画,干垃圾
绿化,湿垃圾
钢化膜,干垃圾
电话,可回收垃圾
话梅,湿垃圾
话筒,可回收垃圾
坏发卡,干垃圾
坏钢笔,干垃圾
手环,干垃圾
环保袋,可回收垃圾
黄豆,湿垃圾
黄瓜,湿垃圾
灰,干垃圾
徽章,干垃圾
回收物,可回收垃圾
回形针,干垃圾
可回收,可回收垃圾
花卉,湿垃圾
花卉绿植,湿垃圾
花卉植物,湿垃圾
会员卡,可回收垃圾
婚戒,可回收垃圾
结婚证书,可回收垃圾
活性炭,干垃圾
活性炭滤芯,干垃圾
火锅,湿垃圾
干货,湿垃圾
干垃圾,干垃圾
干拉圾,干垃圾
垃圾袋,干垃圾
火机,干垃圾
积木,可回收垃圾
木积木,可回收垃圾
塑料积木,可回收垃圾
冰激淋,湿垃圾
冰激凌,湿垃圾
冰激凌木棒,干垃圾
鸡,湿垃圾
鸡蛋,湿垃圾
书籍,可回收垃圾
水产及其加工食品,湿垃圾
食物残渣及宠物饲料,湿垃圾
急支糖浆,有害垃圾
月季,湿垃圾
药剂,有害垃圾
除湿剂,干垃圾
计算机,可回收垃圾
计算器,可回收垃圾
体温计,有害垃圾
笔记本,可回收垃圾
笔记本纸,可回收垃圾
夹克,可回收垃圾
衣夹,干垃圾
马夹袋,干垃圾
家电,可回收垃圾
废家电,可回收垃圾
加湿器,可回收垃圾
加工类食品,湿垃圾
肉蛋加工食品,湿垃圾
花甲,干垃圾
甲油,有害垃圾
甲鱼,湿垃圾
高铁酸钾,有害垃圾
假发,干垃圾
假牙,干垃圾
假发套,干垃圾
铁架,可回收垃圾
坚果,干垃圾
坚果壳,干垃圾
坚果果壳,干垃圾
卫生间纸,干垃圾
打印间碎纸,可回收垃圾
卫生间废纸,干垃圾
煎鍋,可回收垃圾
生煎,湿垃圾
生煎包,湿垃圾
碱性无汞电池,干垃圾
剪纸,干垃圾
剪子,可回收垃圾
键盘,可回收垃圾
废键盘,可回收垃圾
文件袋,干垃圾
文件夹,可回收垃圾
过期保健品,有害垃圾
蜜饯,湿垃圾
姜,湿垃圾
生姜,湿垃圾
麻将牌,干垃圾
麻将台,可回收垃圾
豆浆袋,干垃圾
豆浆袋子,干垃圾
果酱,湿垃圾
酱料,湿垃圾
酱汁,湿垃圾
可降解塑料,可回收垃圾
可降解垃圾袋,干垃圾
可降解塑料袋,干垃圾
香蕉,湿垃圾
烂香蕉,湿垃圾
菜椒,湿垃圾
花椒,湿垃圾
辣椒,湿垃圾
交通卡,可回收垃圾
木质搅拌棒,干垃圾
泔脚,湿垃圾
脚皮,干垃圾
猪脚,湿垃圾
菱角,湿垃圾
牛角,干垃圾
饺子,湿垃圾
水饺,湿垃圾
水饺袋,干垃圾
污染较严重的纸张,干垃圾
接线板,可回收垃圾
节能灯,有害垃圾
废节能灯,有害垃圾
节能灯管,有害垃圾
桔,湿垃圾
假睫毛,干垃圾
睫毛膏,干垃圾
睫毛刷,干垃圾
清洁瓶,可回收垃圾
毛豆结,湿垃圾
结成团的猫砂,干垃圾
戒指,可回收垃圾
金戒指,可回收垃圾
毛巾,干垃圾
湿巾,干垃圾
牛筋,湿垃圾
皮筋,干垃圾
黄金,可回收垃圾
金属,可回收垃圾
金鱼,湿垃圾
香烟灰烬,干垃圾
根茎蔬菜,湿垃圾
蔬菜茎叶,湿垃圾
水果茎枝,湿垃圾
液晶屏,可回收垃圾
液晶电视,可回收垃圾
鸡精,湿垃圾
味精,湿垃圾
镜子,干垃圾
墨镜,干垃圾
眼镜,干垃圾
净水器,可回收垃圾
干净塑料,可回收垃圾
净水滤芯,干垃圾
韭菜,湿垃圾
针灸针,干垃圾
酒酿,湿垃圾
酒瓶,可回收垃圾
旧报,可回收垃圾
旧书,可回收垃圾
旧鞋,可回收垃圾
聚乙烯饭盒,干垃圾
收据,干垃圾
数据线,可回收垃圾
皮具,可回收垃圾
蛋卷,湿垃圾
胶卷,有害垃圾
卷烟,干垃圾
杀菌剂,有害垃圾
无菌包装塑料,干垃圾
卡,干垃圾
开心果,湿垃圾
开心果壳,湿垃圾
旧报刊,可回收垃圾
糠,湿垃圾
糠饼,湿垃圾
考卷,可回收垃圾
考试卷,可回收垃圾
烤箱,可回收垃圾
烧烤棒,干垃圾
靠垫,可回收垃圾
靠枕,可回收垃圾
笔壳,干垃圾
咳嗽糖浆,有害垃圾
可擦笔,干垃圾
扑克,可回收垃圾
马克笔,干垃圾
空罐头,可回收垃圾
空酒瓶,可回收垃圾
遥控车,可回收垃圾
遥控器,可回收垃圾
空调遥控器,可回收垃圾
口红,干垃圾
口罩,干垃圾
纽扣,干垃圾
钮扣,干垃圾
纽扣电池,有害垃圾
枯叶,湿垃圾
枯枝,湿垃圾
干枯花,湿垃圾
裤袜,可回收垃圾
裤子,可回收垃圾
铁块,可回收垃圾
筷子,干垃圾
木筷,可回收垃圾
竹筷,干垃圾
快餐盒,干垃圾
塑料筐,可回收垃圾
塑料篮筐,可回收垃圾
塑料水果筐,可回收垃圾
相框,可回收垃圾
黑框眼镜,干垃圾
矿水瓶,可回收垃圾
矿泉水瓶,可回收垃圾
矿泉水瓶子,可回收垃圾
头盔,干垃圾
葵花籽,湿垃圾
葵花子壳,湿垃圾
葵花籽壳,湿垃圾
死昆虫,湿垃圾
垃圾桶,可回收垃圾
拉链,干垃圾
拉拉裤,干垃圾
蜡笔,干垃圾
蜡纸,干垃圾
腊肉,湿垃圾
辣酱,湿垃圾
辣条,湿垃圾
剩莱,湿垃圾
一次性莱盒,干垃圾
自来水滤芯,干垃圾
蓝莓干,湿垃圾
塑胶菜蓝子,可回收垃圾
花篮,干垃圾
篮球,可回收垃圾
竹篮,干垃圾
西兰花,湿垃圾
电缆,可回收垃圾
烂桔,湿垃圾
烂桃,湿垃圾
烂菜叶,湿垃圾
槟榔,湿垃圾
榔头,可回收垃圾
槟榔壳,湿垃圾
老鼠药,有害垃圾
死老鼠,湿垃圾
奶酪,湿垃圾
可乐杯,干垃圾
可乐罐,可回收垃圾
肋骨,干垃圾
肋排,湿垃圾
布类,可回收垃圾
蛋类,湿垃圾
擦眼泪的纸,干垃圾
瓦楞纸,可回收垃圾
冷饮,干垃圾
冷饮棒,干垃圾
冷饮袋,干垃圾
车厘子,湿垃圾
梨,湿垃圾
离心纸,干垃圾
钢笔里的墨囊,干垃圾
纸制糖果礼盒,可回收垃圾
荔枝核,湿垃圾
荔枝壳,湿垃圾
荔枝干壳,湿垃圾
栗子,湿垃圾
板栗壳,湿垃圾
可丽饼,湿垃圾
麦丽素,湿垃圾
日历,可回收垃圾
台历,可回收垃圾
便利贴,干垃圾
乐利包,可回收垃圾
利乐包,可回收垃圾
果粒,湿垃圾
牛肉粒包装袋,干垃圾
沥水架,可回收垃圾
磁力片,干垃圾
魔力擦,干垃圾
巧克力,湿垃圾
琉璃,可回收垃圾
联通卡,干垃圾
莲藕,湿垃圾
莲蓬,湿垃圾
莲雾,湿垃圾
连裤袜,可回收垃圾
连衣裙,可回收垃圾
骨肉相连,湿垃圾
洗脸巾,干垃圾
护脸霜瓶,可回收垃圾
塑料脸盆,可回收垃圾
项链,可回收垃圾
金属拉链,可回收垃圾
练习本,可回收垃圾
狗粮,湿垃圾
粮食,湿垃圾
猫粮,湿垃圾
凉皮,湿垃圾
凉席,干垃圾
空调两用风扇,可回收垃圾
少量泥土,干垃圾
晾衣架,可回收垃圾
塑料晾衣架,可回收垃圾
坏了的碗,可回收垃圾
破了的碗,可回收垃圾
坏了的玩具,可回收垃圾
布料,可回收垃圾
盘尼西林,有害垃圾
鱼鳞,湿垃圾
鱼鳞鱼肠,湿垃圾
冰淇淋,湿垃圾
零食,湿垃圾
零食袋,干垃圾
零食罐,干垃圾
哑铃,可回收垃圾
马铃薯,湿垃圾
马铃薯片,湿垃圾
领带,可回收垃圾
红领巾,可回收垃圾
毛领子,可回收垃圾
溜溜球,干垃圾
榴莲干,湿垃圾
榴莲核,干垃圾
榴莲壳,干垃圾
镇流器,可回收垃圾
电子镇流器,可回收垃圾
龙虾,湿垃圾
大龙虾,湿垃圾
龙虾壳,湿垃圾
鸟笼,干垃圾
芦荟,湿垃圾
芦稷,湿垃圾
芦稷皮,干垃圾
甜卢蜀,湿垃圾
炉渣,干垃圾
电磁炉,可回收垃圾
电暖炉,可回收垃圾
卤素灯,有害垃圾
卤素灯泡,有害垃圾
花露水瓶,可回收垃圾
沐浴露瓶,可回收垃圾
洗发露瓶,可回收垃圾
电路板,可回收垃圾
路由器,可回收垃圾
线路板,可回收垃圾
录像带,有害垃圾
录音机,可回收垃圾
铝,可回收垃圾
旅行袋,可回收垃圾
旅游时报,可回收垃圾
滤网,干垃圾
滤芯,干垃圾
绿豆,湿垃圾
绿萝,湿垃圾
海螺,干垃圾
花螺,干垃圾
螺帽,可回收垃圾
绿箩,湿垃圾
落发,干垃圾
落叶,湿垃圾
落花生,湿垃圾
姨妈巾,干垃圾
老干妈辣酱,湿垃圾
麻布,可回收垃圾
麻袋,干垃圾
麻绳,干垃圾
密码锁,可回收垃圾
马肉,湿垃圾
买菜的包装袋,干垃圾
麦子,湿垃圾
烧卖,湿垃圾
外卖盒,干垃圾
外卖餐盒,干垃圾
馒头,湿垃圾
蔓藤,湿垃圾
藤蔓,湿垃圾
漫画,可回收垃圾
漫画书,可回收垃圾
芒果,湿垃圾
芒果干,湿垃圾
芒果核,湿垃圾
貂毛,干垃圾
狗毛,干垃圾
帽子,可回收垃圾
浴帽,干垃圾
泡沫箱属于什么垃圾,可回收垃圾
杨梅,湿垃圾
发霉食物,湿垃圾
煤饼,干垃圾
煤灰,干垃圾
煤渣,干垃圾
没用过尿片,干垃圾
没用过的纸杯,干垃圾
没用过的尿不湿,干垃圾
眉笔,干垃圾
美瞳,干垃圾
门锁,可回收垃圾
柠檬,湿垃圾
米,湿垃圾
大米,湿垃圾
菠萝蜜,湿垃圾
棉,可回收垃圾
海绵,干垃圾
海绵垫,干垃圾
海绵纸,干垃圾
面,湿垃圾
面包,湿垃圾
灭火器,可回收垃圾
灭蚊剂,有害垃圾
废灭火器,可回收垃圾
玻璃器皿,可回收垃圾
明信片,干垃圾
三明治,湿垃圾
说明书,可回收垃圾
名画,干垃圾
名片,可回收垃圾
塑料模型,可回收垃圾
面膜,干垃圾
磨刀器,可回收垃圾
磨砂膏,干垃圾
摩丝,干垃圾
摩易擦,干垃圾
魔笔,干垃圾
抹布,干垃圾
废抹布,干垃圾
旧抹布,干垃圾
速溶饮料粉末,湿垃圾
墨粉,干垃圾
墨盒,可回收垃圾
默写本,可回收垃圾
泡沫,可回收垃圾
肉沫,湿垃圾
泡沫板,可回收垃圾
牡蛎壳,干垃圾
牡蛎肉,湿垃圾
吃剩下的牡蛎壳,干垃圾
屏幕,可回收垃圾
荧幕,可回收垃圾
电脑屏幕,可回收垃圾
树叶是那种垃圾,湿垃圾
收纳箱,可回收垃圾
塑料收纳盒,可回收垃圾
奶粉,湿垃圾
奶盒,可回收垃圾
南瓜,湿垃圾
南瓜皮,湿垃圾
南瓜子壳,湿垃圾
笔囊,干垃圾
胶囊,有害垃圾
墨囊,干垃圾
电脑,可回收垃圾
猪脑,湿垃圾
电脑包,可回收垃圾
闹钟,可回收垃圾
内裤,干垃圾
内衣,干垃圾
内脏,湿垃圾
花泥,干垃圾
尼龙绳,干垃圾
尼龙丝袜,干垃圾
尼龙制品,干垃圾
油腻的餐巾纸,干垃圾
年糕,湿垃圾
少年报,可回收垃圾
尿布,干垃圾
尿垫,干垃圾
尿裤,干垃圾
镍镉电池,有害垃圾
牛,湿垃圾
塑料纽扣,可回收垃圾
农药片,有害垃圾
圣女果,湿垃圾
女生内衣,干垃圾
女性卫生用品,干垃圾
暖瓶,可回收垃圾
保暖瓶,可回收垃圾
呕吐包,干垃圾
呕吐物,湿垃圾
布偶,可回收垃圾
玩偶,可回收垃圾
布玩偶,可回收垃圾
手帕,干垃圾
电蚊拍,可回收垃圾
大排,湿垃圾
鸡排,湿垃圾
铜牌,可回收垃圾
菠萝派,湿垃圾
U盘,可回收垃圾
乒乓板,干垃圾
乒乓球,可回收垃圾
日抛美瞳,干垃圾
灯炮,有害垃圾
泡面,湿垃圾
泡馍,湿垃圾
水培植物,湿垃圾
电脑配件,可回收垃圾
铝喷雾瓶,可回收垃圾
喷蟑螂瓶,有害垃圾
杀虫喷雾,有害垃圾
花盆,干垃圾
铝盆,可回收垃圾
盆栽,湿垃圾
帐篷,大件垃圾
膨化食品,湿垃圾
膨化食品包装,干垃圾
披萨,湿垃圾
雨披,干垃圾
披萨盒,干垃圾
啤酒盖,可回收垃圾
啤酒罐,可回收垃圾
啤酒瓶,可回收垃圾
菜皮,湿垃圾
草皮,湿垃圾
漂白粉,干垃圾
漂白剂罐,有害垃圾
票,干垃圾
食品,湿垃圾
饰品,干垃圾
药品,有害垃圾
苹果,湿垃圾
烂苹果,湿垃圾
苹果核,湿垃圾
平底锅,可回收垃圾
平板玻璃,可回收垃圾
平板电脑,可回收垃圾
电瓶,可回收垃圾
破布,可回收垃圾
破碗,干垃圾
破瓷品,干垃圾
扑克牌,可回收垃圾
猪肉铺,湿垃圾
葡萄,湿垃圾
葡萄皮,湿垃圾
普通塑料袋,干垃圾
过期药,有害垃圾
过期饼干,湿垃圾
漆桶,有害垃圾
油漆,有害垃圾
废油漆,有害垃圾
其他垃圾桶,可回收垃圾
象棋,干垃圾
曲奇,湿垃圾
吃过的奇趣蛋,干垃圾
电器,可回收垃圾
陶器,干垃圾
气球,干垃圾
充气娃,可回收垃圾
煤气罐,可回收垃圾
废弃布包,可回收垃圾
废弃地毯,可回收垃圾
废弃电线,可回收垃圾
铅笔,干垃圾
铅桶,可回收垃圾
铅芯,干垃圾
棉签,干垃圾
指甲钳,可回收垃圾
金枪鱼罐头,可回收垃圾
墙刷,干垃圾
一块墙皮,干垃圾
强化玻璃,可回收垃圾
敲碎的碗,干垃圾
巧克力袋子,干垃圾
巧克力盒子,干垃圾
茄子,湿垃圾
电子琴,可回收垃圾
芹菜,湿垃圾
芹菜叶,湿垃圾
家禽内脏,湿垃圾
青菜,湿垃圾
氢气罐,可回收垃圾
氢气球,干垃圾
氢气球充气钢瓶,可回收垃圾
滤清器,干垃圾
汽车空气滤清器,可回收垃圾
情趣内衣,干垃圾
琼脂,湿垃圾
营养琼脂,湿垃圾
秋衣,可回收垃圾
棉球,干垃圾
皮球,可回收垃圾
驱蚊瓶,可回收垃圾
发圈,干垃圾
铁圈,可回收垃圾
甜甜圈,湿垃圾
围裙,可回收垃圾
燃油罐,可回收垃圾
染发剂罐,有害垃圾
染发剂壳,有害垃圾
污染报纸,干垃圾
丝瓜瓤,湿垃圾
电热毯,可回收垃圾
退热贴,干垃圾
电热水袋,可回收垃圾
杏仁,湿垃圾
瓜子仁,湿垃圾
虾仁壳,湿垃圾
无人机,可回收垃圾
仙人球,湿垃圾
日报,可回收垃圾
日光灯,有害垃圾
有机溶剂,有害垃圾
速溶咖啡包装,干垃圾
电容器,可回收垃圾
美容仪,可回收垃圾
玻璃制容器,可回收垃圾
绒娃娃,可回收垃圾
绒线衣,可回收垃圾
羽绒被,可回收垃圾
棉柔巾,干垃圾
肉,湿垃圾
大骨（如：猪腿骨）,干垃圾
乳牙,干垃圾
豆腐乳,湿垃圾
沐浴乳,干垃圾
入厕用纸,干垃圾
软骨,湿垃圾
软盘,干垃圾
软糖,湿垃圾
润发乳,干垃圾
花洒,可回收垃圾
披萨饼盒,干垃圾
木塞,干垃圾
软木塞,干垃圾
酒瓶塞子,干垃圾
三杯鸡,湿垃圾
三文鱼,湿垃圾
伞,干垃圾
雨伞,干垃圾
旧雨伞,干垃圾
散粉,干垃圾
桑叶,湿垃圾
扫帚,干垃圾
扫地机,可回收垃圾
彩色笔,干垃圾
标签色带,干垃圾
彩色玻璃,可回收垃圾
猫砂,干垃圾
砂锅,干垃圾
砂皮,干垃圾
杀虫剂,有害垃圾
猫沙,干垃圾
纱布,干垃圾
纱窗,干垃圾
防晒霜,干垃圾
防晒霜罐,可回收垃圾
山芋,湿垃圾
山竹,湿垃圾
羊毛衫,可回收垃圾
电扇,可回收垃圾
烫伤膏,有害垃圾
纸质商标,干垃圾
上衣,可回收垃圾
床上用品,可回收垃圾
烧鸡,湿垃圾
红烧肉,湿垃圾
勺子,可回收垃圾
塑料勺,干垃圾
蛇皮袋,干垃圾
摄像机,可回收垃圾
摄像头,可回收垃圾
注射器,干垃圾
无菌注射器包装,干垃圾
养身壶,可回收垃圾
花生,湿垃圾
生菜,湿垃圾
生蚝,干垃圾
棉绳,干垃圾
绳子,可回收垃圾
盛装湿垃圾的垃圾袋,干垃圾
剩菜,湿垃圾
剩餐,湿垃圾
剩饭,湿垃圾
螺狮,湿垃圾
螺狮壳,湿垃圾
施工安全帽,可回收垃圾
湿纸,干垃圾
使用的餐巾纸,干垃圾
使用过的餐盒,干垃圾
使用过的猫砂,干垃圾
废台式机,可回收垃圾
硬式磁碟机,可回收垃圾
显示器,可回收垃圾
显示屏幕,可回收垃圾
芝士,湿垃圾
芝士片,湿垃圾
西红柿,湿垃圾
乐事薯片,湿垃圾
擦拭过的餐巾纸,干垃圾
油漆稀释剂,有害垃圾
电视,可回收垃圾
电视机,可回收垃圾
废电视,可回收垃圾
试卷,可回收垃圾
试纸,干垃圾
寿司,湿垃圾
受污纸巾,干垃圾
受潮的纸张,可回收垃圾
受过污染的纸,干垃圾
蔬菜,湿垃圾
蔬果,湿垃圾
烂蔬菜,湿垃圾
木梳,可回收垃圾
梳子,干垃圾
木梳子,可回收垃圾
书,可回收垃圾
熟菜,湿垃圾
熟鸡蛋,湿垃圾
熟虾壳,湿垃圾
薯片,湿垃圾
甜芦黍,湿垃圾
废金属,可回收垃圾
金属罐,可回收垃圾
美术袋,干垃圾
美术黏土,干垃圾
树皮,湿垃圾
数学书,可回收垃圾
漱口水瓶子,可回收垃圾
牙刷,干垃圾
化妆刷,干垃圾
面霜,干垃圾
眼霜,干垃圾
双面胶,干垃圾
双面胶带,干垃圾
爽肤水瓶,可回收垃圾
胶水,干垃圾
水笔,干垃圾
水彩,干垃圾
纸质说明书,可回收垃圾
瓦斯桶,可回收垃圾
手撕猪肉,湿垃圾
钢丝,可回收垃圾
死花,湿垃圾
饲料,湿垃圾
猫饲料,湿垃圾
饲料袋,干垃圾
松子,湿垃圾
松子壳,湿垃圾
松木猫砂,干垃圾
素菜,湿垃圾
快速面盒,干垃圾
速冻饺子,湿垃圾
速冻水饺,湿垃圾
粟子壳,湿垃圾
甜芦粟,湿垃圾
甜芦粟皮,干垃圾
塑料,可回收垃圾
废塑料,可回收垃圾
酸奶袋,干垃圾
酸奶盖,干垃圾
蒜,湿垃圾
大蒜,湿垃圾
废弃计算机,可回收垃圾
碎布,可回收垃圾
碎瓷,干垃圾
碎骨,湿垃圾
玉米穗,湿垃圾
破损瓷器,干垃圾
污损纸张,干垃圾
破损垃圾袋,干垃圾
笋壳,湿垃圾
笋皮,湿垃圾
竹笋,湿垃圾
梭子蟹,湿垃圾
压缩瓶,可回收垃圾
锁,可回收垃圾
锁头,可回收垃圾
厕所手纸,干垃圾
蛋挞,湿垃圾
蛋挞壳,干垃圾
蛋挞皮,湿垃圾
废踏垫,干垃圾
脚踏板,干垃圾
海苔,湿垃圾
海苔袋子,干垃圾
台灯,可回收垃圾
印台,干垃圾
太阳帽,可回收垃圾
太阳能热水管,可回收垃圾
太阳能热水器,可回收垃圾
痰盂罐,可回收垃圾
毛毯,可回收垃圾
碳灰,干垃圾
碳粉匣,可回收垃圾
碳纤维,干垃圾
木炭,干垃圾
炭包,干垃圾
汤骨,干垃圾
鱼汤,湿垃圾
火锅汤底,湿垃圾
搪瓷,可回收垃圾
搪瓷杯,干垃圾
搪瓷碗,可回收垃圾
糖,湿垃圾
红糖,湿垃圾
麻辣烫,湿垃圾
黄桃,湿垃圾
桃板,湿垃圾
淘宝纸盒,可回收垃圾
碎陶,干垃圾
陶瓷,干垃圾
笔套,干垃圾
耳套,可回收垃圾
藤席,干垃圾
旧手提包,可回收垃圾
手提电脑,可回收垃圾
蹄髈,湿垃圾
猪蹄,湿垃圾
擦鼻涕纸,干垃圾
剃须刀,可回收垃圾
剃须刀片,可回收垃圾
剃须泡瓶,可回收垃圾
泡沫填充,干垃圾
田螺,湿垃圾
甜瓜,湿垃圾
布条,可回收垃圾
面条,湿垃圾
跳蛋,干垃圾
跳跳糖包装袋,干垃圾
贴纸,干垃圾
铁,可回收垃圾
暖宝宝帖,干垃圾
餐厅纸,干垃圾
家庭花卉,湿垃圾
家庭绿化,湿垃圾
家庭盆栽树叶,湿垃圾
铜皮,可回收垃圾
废铜烂铁,可回收垃圾
儿童尿不湿,干垃圾
儿童电动玩具,可回收垃圾
木桶,可回收垃圾
筒骨,干垃圾
针筒,有害垃圾
骨头,干垃圾
透明胶,干垃圾
透明胶带,干垃圾
一次性透明盒子,干垃圾
地图,可回收垃圾
图画,干垃圾
涂料,有害垃圾
涂料桶,有害垃圾
屠龙刀,可回收垃圾
土豆,湿垃圾
兔肉,湿垃圾
兔头,湿垃圾
饭团,湿垃圾
线团,干垃圾
纸团,干垃圾
火腿,湿垃圾
鸡腿,湿垃圾
腿骨,干垃圾
拖鞋,干垃圾
蛋挞托,干垃圾
食物托盘,可回收垃圾
塑料托盘,可回收垃圾
脱水机,可回收垃圾
脱氧剂,干垃圾
食品用脱氧剂,干垃圾
牛蛙,湿垃圾
牛蛙骨头,湿垃圾
布娃娃,可回收垃圾
棉袜,可回收垃圾
丝袜,干垃圾
外套,可回收垃圾
水笔外壳,干垃圾
豌豆壳,湿垃圾
豌豆殼,湿垃圾
玩具,可回收垃圾
药丸,有害垃圾
蟑螂丸,有害垃圾
擦完嘴的纸,干垃圾
碗,干垃圾
茶碗,干垃圾
万能胶水,干垃圾
网线,可回收垃圾
鱼网,干垃圾
望远镜,可回收垃圾
夏威夷果,干垃圾
夏威夷果壳,干垃圾
夏威夷果的壳,干垃圾
围巾,可回收垃圾
华为P20,可回收垃圾
维生素,有害垃圾
人造纤维,干垃圾
芦苇叶,干垃圾
枯萎的花,湿垃圾
枯萎的鲜花,湿垃圾
牛尾,湿垃圾
燕尾夹,可回收垃圾
长尾夹,可回收垃圾
未使用的餐巾纸,干垃圾
调味袋,干垃圾
调味料,湿垃圾
自慰棒,可回收垃圾
自慰器,可回收垃圾
卫衣,可回收垃圾
卫生巾,干垃圾
保温杯,可回收垃圾
保温棉,干垃圾
保温瓶,可回收垃圾
蚊香,干垃圾
蚊帐,可回收垃圾
蚊子,湿垃圾
文胸,干垃圾
文竹,湿垃圾
公文包,可回收垃圾
蜗牛壳,干垃圾
燕窝,湿垃圾
钨丝,可回收垃圾
钨丝灯泡,有害垃圾
污水袋,干垃圾
油污布,干垃圾
无纺布,干垃圾
无纺布袋,可回收垃圾
午饭,湿垃圾
午餐肉,湿垃圾
午餐肉罐,可回收垃圾
西瓜,湿垃圾
西药,有害垃圾
西柚,湿垃圾
吸尘器,可回收垃圾
稀饭,湿垃圾
草席,干垃圾
洗发精,干垃圾
洗发水,干垃圾
游戏机,可回收垃圾
虾,湿垃圾
虾壳,湿垃圾
吃剩下的葡萄杆,湿垃圾
仙人掌,湿垃圾
海鲜,湿垃圾
鲜花,湿垃圾
保鲜袋,干垃圾
化纤衣物,可回收垃圾
咸菜,湿垃圾
咸鱼,湿垃圾
咸鸭蛋壳,湿垃圾
显卡,可回收垃圾
保险套,干垃圾
保险箱,可回收垃圾
线,干垃圾
电线,可回收垃圾
相机,可回收垃圾
茴香,湿垃圾
冰箱,可回收垃圾
机箱,可回收垃圾
墨襄,干垃圾
音响,可回收垃圾
电脑小音响,可回收垃圾
橡胶,干垃圾
橡皮,干垃圾
废橡胶,干垃圾
象牙,干垃圾
小刀,可回收垃圾
小骨,湿垃圾
羊蝎子,干垃圾
羊蝎子骨头,干垃圾
鞋,可回收垃圾
布鞋,可回收垃圾
写字纸,可回收垃圾
机械表,可回收垃圾
卸妆巾,干垃圾
卸妆棉,干垃圾
卸妆油,干垃圾
蟹,湿垃圾
螃蟹,湿垃圾
青蟹,湿垃圾
笔屑,干垃圾
木屑,干垃圾
皮屑,干垃圾
笔芯,干垃圾
玉米心,湿垃圾
信封带,可回收垃圾
星巴克纸杯,干垃圾
U型回形针,干垃圾
隐形眼镜,干垃圾
银行卡,可回收垃圾
杏仁壳,湿垃圾
水性笔,干垃圾
水性漆,有害垃圾
鸡胸,湿垃圾
胸罩,干垃圾
修正带,干垃圾
小修正带,干垃圾
不锈钢刀,可回收垃圾
不锈钢杯子,可回收垃圾
绣花针,干垃圾
胡须刀,可回收垃圾
旧棉絮,可回收垃圾
宣纸,干垃圾
宣传单,可回收垃圾
皮靴,可回收垃圾
雨靴,可回收垃圾
化学试剂包装玻璃瓶,有害垃圾
雪糕棒,干垃圾
雪糕纸,干垃圾
鸭血,湿垃圾
血压计,可回收垃圾
压力罐,可回收垃圾
压力锅,可回收垃圾
鸭,湿垃圾
鸭骨,湿垃圾
绿豆芽,湿垃圾
牙,干垃圾
雅漾喷雾,干垃圾
亚克力,可回收垃圾
亚克力板,可回收垃圾
亚克力胶水,干垃圾
香烟,干垃圾
盐,湿垃圾
污染严重的纸,干垃圾
污染严重的纸盒,干垃圾
污染严重的纸张,干垃圾
颜料,干垃圾
颜料板,干垃圾
颜料笔,干垃圾
过期的燕麦片,湿垃圾
验孕棒,干垃圾
羊骨,干垃圾
羊毛,可回收垃圾
洋装,可回收垃圾
海洋球,可回收垃圾
遮阳帽,可回收垃圾
除氧剂,干垃圾
环氧树脂,干垃圾
养生壶,可回收垃圾
家养绿植,湿垃圾
腰带,可回收垃圾
腰果,湿垃圾
高裤腰带,干垃圾
咬过的口香糖,干垃圾
草药,湿垃圾
废药,有害垃圾
青椰,干垃圾
椰壳,干垃圾
椰子,干垃圾
宣传页,可回收垃圾
广告单页,可回收垃圾
作业本,可回收垃圾
叶,湿垃圾
菜叶,湿垃圾
隔夜饭,湿垃圾
乳液罐,可回收垃圾
乳液瓶,可回收垃圾
医用冰袋,干垃圾
大衣,可回收垃圾
移动电源,可回收垃圾
移动硬盘,可回收垃圾
行车记录仪,可回收垃圾
易拉宝,可回收垃圾
易拉罐,可回收垃圾
音箱,可回收垃圾
旧音箱,可回收垃圾
水银,有害垃圾
收银条,可回收垃圾
隐形眼镜片,干垃圾
过期隐形眼镜,干垃圾
印泥,干垃圾
打印机,可回收垃圾
英语书,可回收垃圾
樱花,湿垃圾
樱桃,湿垃圾
樱桃核,湿垃圾
婴儿尿不湿,干垃圾
婴儿纸尿裤,干垃圾
萤石,干垃圾
荧光棒,干垃圾
荧光笔,干垃圾
眼影,干垃圾
电影票,可回收垃圾
影印纸,可回收垃圾
硬盘,可回收垃圾
硬板纸,可回收垃圾
硬贝壳,干垃圾
游泳裤,可回收垃圾
信用卡,可回收垃圾
包装用纸,可回收垃圾
厕所用纸,干垃圾
优盘,可回收垃圾
无线路由器,可回收垃圾
黄油,湿垃圾
有机玻璃,可回收垃圾
婴幼儿尿布,干垃圾
旧衣服属于,可回收垃圾
厨余果皮,湿垃圾
厨余垃圾,湿垃圾
鱼,湿垃圾
黄鱼,湿垃圾
雨鞋,可回收垃圾
语文书,可回收垃圾
羽毛,干垃圾
羽毛球,干垃圾
玉,干垃圾
玉米,湿垃圾
玉镯,可回收垃圾
芋艿,湿垃圾
芋头,湿垃圾
浴巾,干垃圾
金属元件,可回收垃圾
原味鸡,湿垃圾
原珠笔,干垃圾
原子笔,干垃圾
芋圆,湿垃圾
电源器,可回收垃圾
电源线,可回收垃圾
月饼,湿垃圾
月饼盒,可回收垃圾
运动服,可回收垃圾
运动鞋,可回收垃圾
旧运动鞋,可回收垃圾
牛杂,湿垃圾
杂草,湿垃圾
杂志,可回收垃圾
盆栽树叶,湿垃圾
盆栽植物,湿垃圾
再生纸,可回收垃圾
脏布,干垃圾
鱼内脏,湿垃圾
枣,湿垃圾
红枣,湿垃圾
枣核,湿垃圾
洗澡掉的头发,干垃圾
人造玻璃,可回收垃圾
人造奶油,湿垃圾
香皂,干垃圾
碎小肥皂,干垃圾
干燥剂,干垃圾
包装干燥剂,干垃圾
石灰干燥剂,干垃圾
扎带,干垃圾
粽子 包扎线,干垃圾
菜渣,湿垃圾
茶渣,湿垃圾
豆渣,湿垃圾
大闸蟹,湿垃圾
大闸蟹壳,湿垃圾
炸鸡,湿垃圾
粘纸,干垃圾
粘鼠板,干垃圾
沾有墨水的纸,干垃圾
沾了油污的报纸,可回收垃圾
沾了菜油的餐巾纸,可回收垃圾
蘸酱,湿垃圾
蘸酱盒,干垃圾
火锅蘸酱,湿垃圾
图章,干垃圾
章鱼,湿垃圾
纸张,可回收垃圾
废纸张,可回收垃圾
纸张类,可回收垃圾
擀面杖,可回收垃圾
账单,可回收垃圾
照片,有害垃圾
旧照片,有害垃圾
照片纸,有害垃圾
床罩,可回收垃圾
奶罩,干垃圾
折扇,干垃圾
蔗糖,湿垃圾
珍珠,可回收垃圾
黑珍猪,湿垃圾
珍珠米,湿垃圾
真空袋,干垃圾
砧板,可回收垃圾
木砧板,可回收垃圾
针,干垃圾
针管,有害垃圾
枕套,可回收垃圾
震动棒,可回收垃圾
蒸汽眼罩,干垃圾
修正带内芯,干垃圾
证书,可回收垃圾
芝麻,湿垃圾
树枝,干垃圾
蜘蛛,湿垃圾
树脂,有害垃圾
油脂,干垃圾
饭汁,湿垃圾
蟹汁,湿垃圾
织物,干垃圾
直尺,干垃圾
废直式日光灯管,有害垃圾
绿植,湿垃圾
植物,湿垃圾
废植物,湿垃圾
指甲,干垃圾
脚指甲,干垃圾
手指甲脚趾甲,干垃圾
纸,可回收垃圾
瓷制品,干垃圾
铝制品,可回收垃圾
木制品,可回收垃圾
木质菜板,可回收垃圾
三明治包装,干垃圾
中药,湿垃圾
中草药,湿垃圾
钟,干垃圾
粥,湿垃圾
圆珠笔,干垃圾
猪,湿垃圾
毛竹,干垃圾
蜡烛,干垃圾
生日蜡烛,干垃圾
白煮蛋壳,湿垃圾
水煮肉片,湿垃圾
煮花生壳,湿垃圾
主板,可回收垃圾
主机板,可回收垃圾
电路主板,可回收垃圾
鸡爪,湿垃圾
猪爪骨头,湿垃圾
西装,可回收垃圾
彩妆,干垃圾
化妆棉,干垃圾
防撞塑料,干垃圾
塑胶制资料夹,可回收垃圾
紫菜,湿垃圾
紫砂茶具,干垃圾
紫砂碎片,干垃圾
牛仔裤,可回收垃圾
葡萄籽,湿垃圾
西瓜籽,湿垃圾
被子,可回收垃圾
自动铅,干垃圾
自暖包,干垃圾
油渍的报纸,干垃圾
有污渍的餐盒,干垃圾
签字笔,干垃圾
棕叶,干垃圾
棕子皮,干垃圾
棕子叶,干垃圾
走油肉,湿垃圾
足球,可回收垃圾
电钻,可回收垃圾
钻笔,干垃圾
钻石,可回收垃圾
香烟过滤嘴,干垃圾
作文书,可回收垃圾
竹坐垫,干垃圾
led灯,有害垃圾
PET瓶,可回收垃圾
LED灯泡,有害垃圾
kt板,可回收垃圾
cpu,可回收垃圾
ipad,可回收垃圾
kindle,可回收垃圾
PIZZA盒,干垃圾
xbox,可回收垃圾
iphone x,可回收垃圾
IPHONE手机,可回收垃圾
pp管,可回收垃圾
A4纸,可回收垃圾
cd,可回收垃圾
CD机,可回收垃圾
KINDLE壳,干垃圾
zippo打火机,干垃圾
x光片,有害垃圾
x光胶片,有害垃圾
PVC瓶,可回收垃圾
剩菜剩饭,湿垃圾
食物残渣,湿垃圾
肉类,湿垃圾
鱼虾,湿垃圾
蛋壳,湿垃圾
鱼骨头,湿垃圾
肉骨头,湿垃圾
果皮,湿垃圾
树叶,湿垃圾
瓜子壳,湿垃圾
花生壳,湿垃圾
藜麦,湿垃圾
鸡骨头,湿垃圾
鸭骨头,湿垃圾
鹅骨头,湿垃圾
草莓叶,湿垃圾
米饭,湿垃圾
豌豆皮,湿垃圾
韩国泡菜,湿垃圾
普洱茶,湿垃圾
残枝落叶,湿垃圾
植物枝干,湿垃圾
杂菜,湿垃圾
动物尸体,湿垃圾
牲畜粪便,湿垃圾
橘子皮,湿垃圾
香蕉皮,湿垃圾
苹果皮,湿垃圾
西瓜皮,湿垃圾
芒果皮,湿垃圾
山竹壳,湿垃圾
洋葱皮,湿垃圾
中药渣,湿垃圾
宠物饲料,湿垃圾
矿物猫砂,湿垃圾
食用油,湿垃圾
动物粪便,湿垃圾
牛排,湿垃圾
喜糖,湿垃圾
咖啡残渣,湿垃圾
大白菜,湿垃圾
粽子馅,湿垃圾
宠物粪便,湿垃圾
猫屎,湿垃圾
咖啡渣,湿垃圾
鲜花瓣,湿垃圾
豆腐猫砂,湿垃圾
冬枣,湿垃圾
大蒜叶,湿垃圾
杏核,湿垃圾
纸质吸管,湿垃圾
茶叶渣,湿垃圾
小龙虾壳,湿垃圾
榴莲酥,湿垃圾
榴莲肉,湿垃圾
枇杷核,湿垃圾
百香果壳,湿垃圾
食品添加剂,湿垃圾
豆制品,湿垃圾
动物内脏,湿垃圾
脆枣,湿垃圾
废弃食用油,湿垃圾
废弃调味品,湿垃圾
糖果,湿垃圾
水蜜桃肉,湿垃圾
火龙果,湿垃圾
火锅底料,湿垃圾
螺蛳肉,湿垃圾
排骨,湿垃圾
蒜皮,湿垃圾
叉烧酥,湿垃圾
菠萝皮,湿垃圾
南瓜籽,湿垃圾
香瓜子,湿垃圾
青椒,湿垃圾
蒜头,湿垃圾
毛豆壳,湿垃圾
鸡肉,湿垃圾
鸭掌,湿垃圾
鱼肉,湿垃圾
荔枝皮,湿垃圾
方便面面条,湿垃圾
螺蛳壳,湿垃圾
牛油果核,湿垃圾
老鼠,湿垃圾
包裹着猫屎的豆腐猫砂,湿垃圾
茭白,湿垃圾
茭白叶,湿垃圾
葡萄干,湿垃圾
火龙果皮,湿垃圾
椰肉,湿垃圾
苹果肉,湿垃圾
香瓜皮,湿垃圾
扁豆,湿垃圾
玉米须,湿垃圾
兔子粪便,湿垃圾
螃蟹壳,湿垃圾
吸管纸质包装,湿垃圾
西餐糕点,湿垃圾
鸡脚爪,湿垃圾
鸭爪,湿垃圾
山楂,湿垃圾
鸭翅,湿垃圾
扇贝肉,湿垃圾
火锅渣,湿垃圾
布丁,湿垃圾
奶茶中的珍珠,湿垃圾
燕麦,湿垃圾
薯格,湿垃圾
甜品,湿垃圾
水果,湿垃圾
枯树叶,湿垃圾
蔬菜残余,湿垃圾
西兰花梗,湿垃圾
桃子,湿垃圾
压缩饼干,湿垃圾
花生衣,湿垃圾
结团猫砂,湿垃圾
红豆,湿垃圾
熟鸡蛋壳,湿垃圾
蟑螂,湿垃圾
西瓜子,湿垃圾
鸡屎,湿垃圾
盒饭,湿垃圾
奶油,湿垃圾
豆芽,湿垃圾
杏仁饼,湿垃圾
猫屎咖啡,湿垃圾
水果干,湿垃圾
鸭腿,湿垃圾
车厘子核,湿垃圾
平菇,湿垃圾
金针菇,湿垃圾
茨菇,湿垃圾
藕片,湿垃圾
葡萄梗,湿垃圾
咖啡豆,湿垃圾
丝瓜皮,湿垃圾
烂水果,湿垃圾
鸡皮,湿垃圾
海瓜子壳,湿垃圾
桂皮,湿垃圾
鸡蛋仔,湿垃圾
螺蛳,湿垃圾
猪蹄骨,湿垃圾
过期大米,湿垃圾
过期糖,湿垃圾
过期巧克力,湿垃圾
巧克力酱,湿垃圾
李子,湿垃圾
鸟粪,湿垃圾
栗子壳,湿垃圾
核桃肉,湿垃圾
李子核,湿垃圾
薯条,湿垃圾
柠檬皮,湿垃圾
柚子皮,湿垃圾
蛋白,湿垃圾
干果仁,湿垃圾
橄榄核,湿垃圾
姜糖,湿垃圾
瓜子皮,湿垃圾
玉米棒,湿垃圾
过期食品,湿垃圾
虾头,湿垃圾
牛蛙骨,湿垃圾
杨梅核,湿垃圾
过期调味料,湿垃圾
孜然粉,湿垃圾
蜂蜜,湿垃圾
红豆糕,湿垃圾
叉烧,湿垃圾
菠萝包,湿垃圾
干面条,湿垃圾
干脆面,湿垃圾
出前一丁面条,湿垃圾
多宝鱼骨头,湿垃圾
草本植物,湿垃圾
小核桃肉,湿垃圾
凋谢的鲜花,湿垃圾
咖啡豆渣,湿垃圾
蚌肉,湿垃圾
盐水花生,湿垃圾
盐水花生壳,湿垃圾
豆浆渣,湿垃圾
红枣核,湿垃圾
枣子核,湿垃圾
面粉,湿垃圾
咖啡粉,湿垃圾
桔子皮,湿垃圾
橘子,湿垃圾
牛油果皮,湿垃圾
油桃肉,湿垃圾
水蜜桃,湿垃圾
樱桃干,湿垃圾
龙虾片,湿垃圾
土豆泥,湿垃圾
废弃植物,湿垃圾
玉米猫砂,湿垃圾
油烟机油脂,湿垃圾
油条,湿垃圾
紫薯皮,湿垃圾
燕麦片,湿垃圾
小米,湿垃圾
糯米,湿垃圾
白糖,湿垃圾
榨菜,湿垃圾
油桃核,湿垃圾
酸豆角,湿垃圾
牛肉,湿垃圾
鸭肉,湿垃圾
话梅肉,湿垃圾
鱼皮花生,湿垃圾
咸蛋黄,湿垃圾
冬瓜皮,湿垃圾
咖啡伴侣粉,湿垃圾
苦瓜,湿垃圾
小龙虾头,湿垃圾
石榴,湿垃圾
石榴籽,湿垃圾
叫化鸡,湿垃圾
干辣椒,湿垃圾
山药,湿垃圾
土豆皮,湿垃圾
炒花生米,湿垃圾
蟹肉,湿垃圾
虾肉,湿垃圾
速冻馄饨,湿垃圾
棒棒糖,湿垃圾
蛤肉,湿垃圾
小龙虾肉,湿垃圾
蚕豆,湿垃圾
樱桃梗,湿垃圾
水果皮,湿垃圾
皮蛋,湿垃圾
咸蛋,湿垃圾
奇异果,湿垃圾
花甲壳,干垃圾
海底捞锅底,湿垃圾
牛肉干,湿垃圾
椰果,湿垃圾
鸭下巴,湿垃圾
芝麻酱,湿垃圾
花生酱,湿垃圾
小龙虾黄,湿垃圾
肯德基炸鸡,湿垃圾
麦当劳炸鸡,湿垃圾
面饼,湿垃圾
鸡蛋饼,湿垃圾
煎饼,湿垃圾
哈密瓜,湿垃圾
哈密瓜籽,湿垃圾
干树叶,湿垃圾
绿豆糕,湿垃圾
乒乓糯米糍,湿垃圾
杏仁核,湿垃圾
黄杏核,湿垃圾
茶叶,湿垃圾
铁观音,湿垃圾
乌龙茶,湿垃圾
白茶,湿垃圾
桔普茶,湿垃圾
水草,湿垃圾
海藻,湿垃圾
水果软核,湿垃圾
咖喱粉,湿垃圾
瓜子,湿垃圾
大蒜皮,湿垃圾
扇贝壳,湿垃圾
咸蛋壳,湿垃圾
鸭蛋壳,湿垃圾
凤梨皮,湿垃圾
面包屑,湿垃圾
小龙虾,湿垃圾
香榧子壳,湿垃圾
鸡蛋皮,湿垃圾
凤梨酥,湿垃圾
苹果派,湿垃圾
玉米芯,湿垃圾
黄瓜皮,湿垃圾
橙子皮,湿垃圾
生鸡蛋壳,湿垃圾
花茶渣,湿垃圾
荷叶,湿垃圾
柚子核,湿垃圾
青蟹壳,湿垃圾
山楂片,湿垃圾
红辣椒,湿垃圾
巧克力粉,湿垃圾
鸭架,湿垃圾
白砂糖,湿垃圾
鸽粪,湿垃圾
桃子皮,湿垃圾
桂圆干,湿垃圾
中草药材,湿垃圾
梭子蟹壳,湿垃圾
河虾,湿垃圾
白米虾,湿垃圾
象鼻蚌,湿垃圾
水蜜桃核,湿垃圾
糯米纸,湿垃圾
鸡蛋卷,湿垃圾
鸡蛋壳,湿垃圾
豆干,湿垃圾
豆腐干,湿垃圾
冬瓜籽,湿垃圾
向日葵花束,湿垃圾
枯萎花束,湿垃圾
笋干,湿垃圾
白煮蛋,湿垃圾
花蛤肉,湿垃圾
蛋黄酥,湿垃圾
油墩子,湿垃圾
葱油饼,湿垃圾
山东煎饼,湿垃圾
碎骨头,湿垃圾
枸杞,湿垃圾
猪肝,湿垃圾
碧根果肉,湿垃圾
茭白皮,湿垃圾
西葫芦,湿垃圾
猪肉,湿垃圾
小排骨,湿垃圾
沙拉酱,湿垃圾
拉菲草,湿垃圾
大白兔奶糖,湿垃圾
猕猴桃皮,湿垃圾
桃仁,湿垃圾
杨梅干,湿垃圾
带子壳,湿垃圾
玉米塑料袋,湿垃圾
鸭头,湿垃圾
翅尖,湿垃圾
番茄沙司,湿垃圾
巴旦木,湿垃圾
叶子,湿垃圾
鸭舌,湿垃圾
黄芪,湿垃圾
三七粉,湿垃圾
章鱼小丸子,湿垃圾
鱿鱼,湿垃圾
鱿鱼丝,湿垃圾
生蚝肉,湿垃圾
枇杷,湿垃圾
烤鸭,湿垃圾
北京烤鸭,湿垃圾
洋山芋,湿垃圾
铁棍山药,湿垃圾
鸭锁骨,湿垃圾
海星,湿垃圾
黑椒牛排,湿垃圾
杨桃,湿垃圾
胡萝卜皮,湿垃圾
生肉,湿垃圾
皮蛋壳,湿垃圾
山楂干,湿垃圾
番茄皮,湿垃圾
番茄梗,湿垃圾
鲜花饼,湿垃圾
公丁香,湿垃圾
薄荷叶,湿垃圾
花甲粉,湿垃圾
金丝皇菊,湿垃圾
火腿肠,湿垃圾
藏红花,湿垃圾
基围虾,湿垃圾
基围虾壳,湿垃圾
烘山芋皮,湿垃圾
茶叶蛋壳,湿垃圾
咸鸡,湿垃圾
烤鸡,湿垃圾
盐水鸭,湿垃圾
银耳,湿垃圾
意大利面,湿垃圾
烧饼,湿垃圾
红薯皮,湿垃圾
雪花酥,湿垃圾
干桂圆壳,湿垃圾
丝瓜,湿垃圾
玉米粒,湿垃圾
胖大海,湿垃圾
干面粉,湿垃圾
薰衣草,湿垃圾
干花生壳,湿垃圾
猫冻干,湿垃圾
麻辣香锅残渣,湿垃圾
菠萝蜜肉,湿垃圾
五香蛋,湿垃圾
莴苣,湿垃圾
蒲公英,湿垃圾
小笼包,湿垃圾
灌汤包,湿垃圾
德克士炸鸡,湿垃圾
鲫鱼,湿垃圾
鳜鱼,湿垃圾
粉丝,湿垃圾
木耳,湿垃圾
花草茶渣,湿垃圾
肉夹馍,湿垃圾
粗盐,湿垃圾
豆杆,湿垃圾
青豆,湿垃圾
青豆萁,湿垃圾
饺子皮,湿垃圾
馄饨皮,湿垃圾
白瓜子,湿垃圾
煎饼果子,湿垃圾
小葱,湿垃圾
木瓜,湿垃圾
木瓜籽,湿垃圾
可降解吸管,湿垃圾
小肉骨头,湿垃圾
螺蛳粉,湿垃圾
芋艿皮,湿垃圾
花椒粉,湿垃圾
绿豆沙,湿垃圾
荞麦,湿垃圾
荞麦面,湿垃圾
阿胶,湿垃圾
宽粉条,湿垃圾
毛豆皮,湿垃圾
麦片,湿垃圾
纸吸管,湿垃圾
调制海藻面膜,湿垃圾
桂花糕,湿垃圾
猪皮,湿垃圾
臭虫,湿垃圾
芡实糕,湿垃圾
牛轧糖,湿垃圾
火鸡骨头,湿垃圾
鸡头,湿垃圾
猪排,湿垃圾
猪扒,湿垃圾
蜗牛,湿垃圾
鱼饲料,湿垃圾
银杏果,湿垃圾
麻花,湿垃圾
鱼头,湿垃圾
早餐谷物,湿垃圾
猪小排,湿垃圾
猪肉排骨,湿垃圾
玉米纤维袋,湿垃圾
话梅壳,湿垃圾
乌梅壳,湿垃圾
山竹核,湿垃圾
鸡软骨,湿垃圾
杏子核,湿垃圾
虾皮,湿垃圾
虾米,湿垃圾
蟠桃核,湿垃圾
手擀面,湿垃圾
甲鱼小骨,湿垃圾
猪肋排,湿垃圾
里脊肉,湿垃圾
木薯淀粉,湿垃圾
香蕉干,湿垃圾
鸭皮,湿垃圾
纸巾,干垃圾
牙签,干垃圾
一次性筷子,干垃圾
陶瓷类废弃物,干垃圾
清扫渣土,干垃圾
陶瓷碗碟,干垃圾
大块骨头,干垃圾
植物硬壳,干垃圾
枯萎花草,干垃圾
塑料袋,干垃圾
保鲜膜,干垃圾
A4纸包装袋,干垃圾
零食包装袋,干垃圾
快递包装袋,干垃圾
热饮杯盖,干垃圾
咖啡杯杯盖,干垃圾
干电池（无汞）,干垃圾
纸尿裤,干垃圾
卫生纸,干垃圾
卫生巾外层薄塑纸,干垃圾
湿纸巾,干垃圾
旧浴缸,干垃圾
盆子,干垃圾
坏马桶,干垃圾
旧水槽,干垃圾
坛子,干垃圾
菜板,干垃圾
砖块,干垃圾
杯子,干垃圾
瓦片,干垃圾
西梅核,干垃圾
坏的花盆,干垃圾
木质梳子,干垃圾
脏污衣服,干垃圾
湿垃圾袋,干垃圾
水彩笔,干垃圾
过期化妆品,干垃圾
旧镜子,干垃圾
猫罐头,干垃圾
牙膏壳,干垃圾
椰子壳,干垃圾
塑料垃圾袋,干垃圾
污染纸张,干垃圾
废弃食品袋,干垃圾
一次性餐盒,干垃圾
旧毛巾,干垃圾
牙膏皮,干垃圾
废弃的纸张,干垃圾
装修废弃物,干垃圾
盛放厨余果皮的垃圾袋,干垃圾
灰土,干垃圾
污染较严重的纸,干垃圾
核桃壳,干垃圾
头发,干垃圾
胶带,干垃圾
一次性咖啡纸杯,干垃圾
奶茶纸杯,干垃圾
护理垫,干垃圾
包裹着狗屎的纸巾,干垃圾
包裹着狗屎的报纸,干垃圾
雪糕袋,干垃圾
棉花棒,干垃圾
橡皮泥,干垃圾
粽叶,干垃圾
猫毛,干垃圾
小票,干垃圾
蚊香片,干垃圾
暖宝宝,干垃圾
干冰,干垃圾
铅笔屑,干垃圾
被污染的垃圾袋,干垃圾
田螺壳,湿垃圾
蛏子壳,干垃圾
文蛤壳,干垃圾
水彩颜料,干垃圾
一次性口罩,干垃圾
口香糖,干垃圾
一次性塑料袋,干垃圾
污渍纸巾,干垃圾
木瓶塞,干垃圾
指甲片,干垃圾
大米袋,干垃圾
烟盒,可回收垃圾
烧烤木签,干垃圾
棉花球,干垃圾
泡沫盒子,干垃圾
大龙虾壳,干垃圾
中药袋,干垃圾
胶带纸,干垃圾
薯片罐,干垃圾
牙线,干垃圾
塑料吸管,干垃圾
一次性保鲜膜,干垃圾
湿巾纸,干垃圾
瓷器碎片,干垃圾
砖瓦陶瓷,干垃圾
雪糕包装袋,干垃圾
泡面桶,干垃圾
酒精棉花,干垃圾
玉米皮,干垃圾
奶茶塑料杯,干垃圾
头屑,干垃圾
帝王蟹壳,干垃圾
一次性用品,干垃圾
渣土,干垃圾
陶瓷制品,干垃圾
烘培纸,干垃圾
除湿袋,干垃圾
滤纸,干垃圾
生蚝壳,干垃圾
猪大骨,干垃圾
一次性塑料餐盒,干垃圾
调料袋,干垃圾
发热包,干垃圾
洗衣液包装袋,干垃圾
咖啡滤纸,干垃圾
包裹着狗屎的塑料袋,干垃圾
塑料盖子,干垃圾
头饰,干垃圾
胶囊咖啡,干垃圾
椰青壳,干垃圾
吸油纸,干垃圾
厨房用纸,干垃圾
琴弦,干垃圾
呕吐物纸巾,干垃圾
纸质包装袋,干垃圾
方便面桶,干垃圾
面膜包装袋,干垃圾
塑料拖鞋,可回收垃圾
橡皮筋,干垃圾
水笔笔芯,干垃圾
湿灰尘,干垃圾
蛤蜊壳,干垃圾
纽扣（少量）,干垃圾
一次性塑料手套,干垃圾
中性笔,干垃圾
KFC食物包装,干垃圾
蚊香灰,干垃圾
乳胶,干垃圾
玻璃胶,干垃圾
带有婴儿粪便的尿不湿,干垃圾
暖宝宝贴,干垃圾
牛奶袋,干垃圾
血糖试纸,干垃圾
餐饮外卖盒,干垃圾
油画颜料,干垃圾
油画颜料软管,干垃圾
吸管塑料包装,干垃圾
橡胶制品,干垃圾
橡胶手套,干垃圾
过期口红,干垃圾
黄油包装纸,干垃圾
脏纸尿裤,干垃圾
蛋糕盒,干垃圾
干净无油食品包装袋,干垃圾
面包袋,干垃圾
蛋糕袋,干垃圾
快递单,干垃圾
营养土,干垃圾
一次性塑料盘,干垃圾
冰宝贴,干垃圾
一次性塑料调羹,干垃圾
手指甲,干垃圾
小纸屑,干垃圾
眼镜架,干垃圾
陶土花瓶,干垃圾
牛肋骨,干垃圾
被油污污染过的报纸,干垃圾
脏纸巾,干垃圾
衣服标签,干垃圾
小核桃壳,干垃圾
电蚊香片,干垃圾
瓷碎片,干垃圾
卫生棉条,干垃圾
一次性塑料浴帽,干垃圾
一次性纸餐盘,干垃圾
纸巾包装袋,干垃圾
抽纸塑料袋,干垃圾
毛笔写过的纸,干垃圾
塑料表带,干垃圾
粉饼盒,干垃圾
502胶水,干垃圾
硅胶猫砂,干垃圾
水晶猫砂,干垃圾
冰淇淋包装袋,干垃圾
护手霜,干垃圾
粉尘,干垃圾
一次性餐具,干垃圾
卸妆纸巾,干垃圾
洗衣粉,干垃圾
气泡膜,干垃圾
智齿,干垃圾
钢丝球,干垃圾
一次性纸杯,干垃圾
大头针,干垃圾
永生花,干垃圾
带有婴儿粪便的纸尿裤,干垃圾
塑封袋,干垃圾
圆珠笔芯,干垃圾
面膜外层纸,干垃圾
袋泡茶,干垃圾
塑料花,干垃圾
冰箱贴,干垃圾
假睫毛胶水,干垃圾
洗碗布,干垃圾
电话卡,干垃圾
手机壳,干垃圾
面巾纸,干垃圾
泥土,干垃圾
网球,干垃圾
烟灰,干垃圾
毛衣针,干垃圾
护发精油,干垃圾
紫砂壶,干垃圾
防晒喷雾,干垃圾
棉花,干垃圾
寄居蟹,干垃圾
水饺包装袋,干垃圾
巧克力包装袋,干垃圾
饼干包装袋,干垃圾
奶嘴,干垃圾
糖纸,干垃圾
胡须,干垃圾
包裹着痰的纸巾,干垃圾
包裹着鼻涕的纸巾,干垃圾
KFC纸盒,干垃圾
麦当劳纸盒,干垃圾
牛骨,干垃圾
啤酒瓶盖,可回收垃圾
糖果皮,干垃圾
包裹着西瓜籽的纸巾,干垃圾
包裹着鼻屎的纸巾,干垃圾
冷饮包装,干垃圾
外卖塑料袋,干垃圾
外卖塑料盒,干垃圾
外卖纸盒,干垃圾
5号电池（无汞）,干垃圾
7号电池（无汞）,干垃圾
湿头发,干垃圾
毛发,干垃圾
一次性手套,干垃圾
卸妆膏,干垃圾
手机膜,干垃圾
防霉防蛀片,干垃圾
卫生护垫,干垃圾
摩丝罐,干垃圾
厨房手套,干垃圾
沐浴球,干垃圾
耳塞,干垃圾
牙线棒,干垃圾
修正液,干垃圾
废纸,干垃圾
卫生间用纸,干垃圾
陶瓷花瓶,干垃圾
陶瓷花盆,干垃圾
防碎气泡膜,干垃圾
污损塑料袋,干垃圾
水晶泥,干垃圾
胶纸,干垃圾
剃须泡沫罐,干垃圾
风油精,干垃圾
奶茶塑料盖,干垃圾
打火机,干垃圾
擦碗布,干垃圾
碱性电池,干垃圾
烧烤锡纸,干垃圾
外卖饭盒,干垃圾
装过湿垃圾的塑料袋,干垃圾
纸质外卖盒,干垃圾
塑料外卖盒,干垃圾
马桶刷,干垃圾
狗尿垫,干垃圾
太空沙,干垃圾
带胶制品,干垃圾
竹制品,干垃圾
成分复杂的制品,干垃圾
皮皮虾壳,干垃圾
使用过的安全套,干垃圾
青口贝,干垃圾
碎纸屑,干垃圾
洗头膏,干垃圾
番茄酱包装袋,干垃圾
面纸,干垃圾
身体乳,干垃圾
青草膏,干垃圾
洁面摩丝,干垃圾
一次性塑料勺子,干垃圾
眼线笔,干垃圾
眉粉,干垃圾
沾有油渍的食品包装袋,干垃圾
薯片包装袋,干垃圾
自动铅笔笔芯,干垃圾
香薰球,干垃圾
隐形眼镜护理液,干垃圾
脏卫生巾,干垃圾
湿塑料袋,干垃圾
牛骨棒,干垃圾
草纸,干垃圾
雨衣,干垃圾
湿纸巾包装,干垃圾
纸饭盒,干垃圾
成人用品,干垃圾
河蚌壳,干垃圾
香肠壳,干垃圾
发夹,干垃圾
发带,干垃圾
驱蚊香片,干垃圾
薯片盒,干垃圾
吸尘器灰尘,干垃圾
粉扑,干垃圾
咖啡胶囊,干垃圾
鸡毛,干垃圾
安全套包装袋,干垃圾
尿片,干垃圾
冰棒棍,干垃圾
广告颜料,干垃圾
陶泥,干垃圾
猪骨头,干垃圾
使用过的面膜,干垃圾
使用过的卫生巾,干垃圾
喝过的奶茶杯子,干垃圾
高密度碎纸机处理的碎纸,干垃圾
泡面袋,干垃圾
太阳眼镜,干垃圾
美妆蛋,干垃圾
胭脂,干垃圾
油条包装袋,干垃圾
奶茶杯,干垃圾
购物卡,可回收垃圾
订书机钉,干垃圾
彩泥,干垃圾
冰贴,干垃圾
棒冰棍,干垃圾
香烟头,干垃圾
泡沫饭盒,干垃圾
PH试纸,干垃圾
葡萄酒木塞,干垃圾
包裹着口香糖的纸巾,干垃圾
火腿肠包装纸,干垃圾
艾灸条,干垃圾
保冷剂,干垃圾
草木灰,干垃圾
驱蚊手环,干垃圾
挂耳咖啡,干垃圾
滤挂咖啡,干垃圾
柳絮,干垃圾
洗涤液包装袋,干垃圾
石锅,干垃圾
灭蚊灯,干垃圾
红酒塞,干垃圾
枕巾,干垃圾
1号电池（无汞）,干垃圾
电子烟烟弹,干垃圾
陶瓷盘子,干垃圾
榨菜袋,干垃圾
卷筒纸,干垃圾
方便面调味包,干垃圾
脱毛膏,干垃圾
三角裤,干垃圾
平角裤,干垃圾
海绵粉扑,干垃圾
一次性竹筷子,干垃圾
碎碗,干垃圾
白板笔,干垃圾
海螺壳,干垃圾
花蛤壳,干垃圾
棉线,干垃圾
糖包,干垃圾
鼠标垫,干垃圾
便条贴,干垃圾
水果塑料盒,干垃圾
糖浆包,干垃圾
泳镜,干垃圾
粘土,干垃圾
干草,干垃圾
酸奶勺,干垃圾
中药包,干垃圾
猪腿骨,干垃圾
茶叶包,干垃圾
豆浆杯,干垃圾
测血糖针,干垃圾
唇釉,干垃圾
一次性打火机,干垃圾
棒棒糖棒子,干垃圾
旧内衣,干垃圾
牛骨头,干垃圾
冰棒皮,干垃圾
冰棒外包装,干垃圾
滴漏式咖啡,干垃圾
星巴克咖啡杯,干垃圾
星巴克塑料杯,干垃圾
下水道杂物,干垃圾
电蚊香液瓶,干垃圾
膨润土猫砂,干垃圾
油污纸,干垃圾
稻草,干垃圾
擦过鼻涕的纸巾,干垃圾
粘毛滚纸,干垃圾
酱油袋,干垃圾
湿海绵,干垃圾
羊大骨,干垃圾
塑料笔杆,干垃圾
过期护肤品,干垃圾
发箍,干垃圾
壁纸,干垃圾
墙纸,干垃圾
薯片袋,干垃圾
脏抹布,干垃圾
润肤乳,干垃圾
脏玻璃瓶,干垃圾
外卖盒子,干垃圾
外卖餐具,干垃圾
调料包,干垃圾
辣条包装袋,干垃圾
储奶袋,干垃圾
玉米衣,干垃圾
电动牙刷刷头,干垃圾
过期防晒霜,干垃圾
塑料打包盒,干垃圾
透明打包盒,干垃圾
食品密封袋,干垃圾
食品保鲜袋,干垃圾
榛子壳,干垃圾
气垫膜,干垃圾
碧然德过滤芯,干垃圾
粘尘纸,干垃圾
过滤袋,干垃圾
炼乳壳,干垃圾
装蔬菜的塑料袋,干垃圾
脚趾甲,干垃圾
油画刷,干垃圾
墨胆,干垃圾
脏卸妆棉,干垃圾
痘痘贴,干垃圾
甲鱼壳,干垃圾
自热火锅加热包,干垃圾
酸奶杯盖,干垃圾
净化器滤芯,干垃圾
纸巾袋,干垃圾
艾灸贴,干垃圾
便纸,干垃圾
双眼皮贴,干垃圾
包裹着猫屎的塑料袋,干垃圾
蜡烛包装,干垃圾
卫生巾外包装,干垃圾
豆腐盒,干垃圾
卫生巾包装袋,干垃圾
海绵蛋,干垃圾
方便面盒,干垃圾
纸皮核桃,干垃圾
卷筒纸外包装,干垃圾
牙签塑料盒,干垃圾
醋包,干垃圾
醋袋,干垃圾
食品塑料盒,干垃圾
仓鼠垫沙,干垃圾
干发巾,干垃圾
喜茶杯,干垃圾
面粉袋,干垃圾
吸管薄膜,干垃圾
蟑螂贴,干垃圾
眼贴膜,干垃圾
眼膜,干垃圾
鼻贴,干垃圾
去黑头鼻贴,干垃圾
一次性尿布,干垃圾
香烟灰,干垃圾
湿厕纸,干垃圾
烧烤竹签,干垃圾
锡箔餐盒,干垃圾
湿厕纸包装袋,干垃圾
酸奶吸管,干垃圾
铅笔芯,干垃圾
地板蜡,干垃圾
粽子包裹绳,干垃圾
塑料咖啡杯,干垃圾
硅藻泥,干垃圾
眼镜盒,干垃圾
逗猫棒,干垃圾
宠物饲料包装袋,干垃圾
滤尘袋,干垃圾
纸胶带,干垃圾
膨化食品包装袋,干垃圾
眼部精华胶囊,干垃圾
食品干燥剂,干垃圾
纸咖啡杯,干垃圾
空气清新剂罐,干垃圾
空调滤芯,干垃圾
珍珠奶茶杯,干垃圾
早餐奶包装袋,干垃圾
粉底液,干垃圾
墙灰,干垃圾
湿抹布,干垃圾
一次性内裤,干垃圾
生物冰袋,干垃圾
桃子核,干垃圾
陶瓷杯,干垃圾
脏牛奶盒,干垃圾
一次性塑料杯,干垃圾
乐事薯片盒,干垃圾
蛋黄酥包装盒,干垃圾
瓷勺,干垃圾
养乐多盖,干垃圾
胶布,干垃圾
一次性洗脸巾,干垃圾
沸石猫砂,干垃圾
早餐塑料袋,干垃圾
豆浆杯盖,干垃圾
口红盒,干垃圾
包裹着猫屎的膨润土猫砂,干垃圾
游泳眼镜,干垃圾
老花眼镜,干垃圾
蜡烛塑料模,干垃圾
塑料挂钩,干垃圾
奶粉勺子,干垃圾
减震泡泡膜,干垃圾
擦手纸,干垃圾
奶粉盖,干垃圾
水粉颜料,干垃圾
机票,干垃圾
演唱会票,干垃圾
车票,干垃圾
大头钉,干垃圾
热敏纸,干垃圾
不干胶纸,干垃圾
饮料瓶标签,干垃圾
方便面包装袋,干垃圾
标签纸,干垃圾
沙拉袋,干垃圾
快递贴纸,干垃圾
气泡垫,干垃圾
废瓷砖,干垃圾
水果罐,干垃圾
保湿喷雾,干垃圾
火车票,干垃圾
退烧贴,干垃圾
卸妆油瓶,干垃圾
水果包装袋,干垃圾
泡面调料包,干垃圾
冻干粉面膜,干垃圾
软膜撕拉面膜,干垃圾
卷笔刀,干垃圾
化妆品瓶盖,干垃圾
N次贴,干垃圾
纳米海绵,干垃圾
一次性剃须刀片,干垃圾
塑料油壶,干垃圾
眼线液,干垃圾
避孕套包装,干垃圾
兔毛,干垃圾
大龙虾头,干垃圾
一次性塑料鞋套,干垃圾
粽子皮,干垃圾
牛皮筋,干垃圾
修眉刀,干垃圾
头绳,干垃圾
艾灸渣,干垃圾
牙套,干垃圾
塑料刷子,干垃圾
防蚊手环,干垃圾
搓澡巾,干垃圾
烟丝,干垃圾
方便面叉子,干垃圾
汉堡纸,干垃圾
眼镜布,干垃圾
果冻包装盒,干垃圾
干冰袋,干垃圾
头皮屑,干垃圾
长寿果壳,干垃圾
超市塑料袋,干垃圾
防震膜,干垃圾
羊肉骨头,干垃圾
酱油包装袋,干垃圾
一次性餐具包装,干垃圾
爽身粉,干垃圾
84消毒液瓶,干垃圾
炸鸡包装袋,干垃圾
气泡纸,干垃圾
液体蚊香,干垃圾
织带,干垃圾
液体蚊香瓶,干垃圾
卸妆乳瓶,干垃圾
包裹着鸡蛋壳的餐巾纸,干垃圾
气泡袋,干垃圾
条码纸,干垃圾
干草包装袋,干垃圾
猫粮包装袋,干垃圾
香肠竹签,干垃圾
破碎盘子,干垃圾
荷兰猪毛,干垃圾
碳性电池,干垃圾
串串竹签,干垃圾
旧口罩,干垃圾
扇子,干垃圾
乳垫,干垃圾
吸味剂,干垃圾
烟盒内锡纸,干垃圾
旧牙刷,干垃圾
马克杯,干垃圾
绿豆包装,干垃圾
菠萝蜜核,干垃圾
日抛,干垃圾
牙贴,干垃圾
一次性电子烟,干垃圾
果冻壳,干垃圾
湿面巾纸,干垃圾
购物小票,干垃圾
冰淇淋纸,干垃圾
红茶包,干垃圾
自热包,干垃圾
丙烯颜料,干垃圾
陶瓷烟灰缸,干垃圾
丝瓜筋,干垃圾
带油抹布,干垃圾
塑料牙签,干垃圾
鸽毛,干垃圾
毛笔,干垃圾
脱酸素剂,干垃圾
消毒棉,干垃圾
油性笔,干垃圾
发卡,干垃圾
防潮袋,干垃圾
刘海夹,干垃圾
饼干袋,干垃圾
浴沙,干垃圾
冷饮包装纸,干垃圾
一次性拖鞋,干垃圾
足浴袋,干垃圾
吸湿剂,干垃圾
洗衣粉袋,干垃圾
化妆品密封塑料膜,干垃圾
湿报纸,干垃圾
婴幼儿纸尿裤,干垃圾
眼镜框,干垃圾
油污湿巾纸,干垃圾
脱氧保鲜剂,干垃圾
关东煮纸杯,干垃圾
碘酒棉球,干垃圾
酒精棉球,干垃圾
珍宝蟹,干垃圾
泡脚袋,干垃圾
一次性便当盒,干垃圾
羊肉串棒,干垃圾
碳包,干垃圾
手机链,干垃圾
卤料包,干垃圾
五子棋,干垃圾
化妆镜,干垃圾
香囊,干垃圾
塑料带,干垃圾
测血糖试纸,干垃圾
足贴,干垃圾
牛肉骨头,干垃圾
必胜客纸盒,干垃圾
奶茶盖,干垃圾
隐形眼镜盒,干垃圾
酒精棉片,干垃圾
光碟包,干垃圾
烤串棒,干垃圾
棒冰包装袋,干垃圾
湿卫生纸,干垃圾
席子,干垃圾
竹炭包,干垃圾
园艺土,干垃圾
牛排包装,干垃圾
蔬菜包装袋,干垃圾
烫发剂壳,干垃圾
瑞幸咖啡杯,干垃圾
厨房纸巾,干垃圾
塑料糖纸,干垃圾
纸巾外包装,干垃圾
卫生卷纸,干垃圾
全棉时代纸巾,干垃圾
雪糕棍,干垃圾
卫生棒,干垃圾
防蚊贴,干垃圾
湿纸巾包装袋,干垃圾
腋毛,干垃圾
胡渣,干垃圾
面条包装袋,干垃圾
魔芋粉包装袋,干垃圾
清凉贴,干垃圾
固体清香剂,干垃圾
腮红,干垃圾
轻质彩泥,干垃圾
巧克力锡纸,干垃圾
橡皮擦,干垃圾
黑板擦,干垃圾
白板擦,干垃圾
碗碎片,干垃圾
湿烟头,干垃圾
清洁抹布,干垃圾
便签纸,干垃圾
泡泡糖,干垃圾
吸油面纸,干垃圾
肉类包装盒,干垃圾
扣子,干垃圾
内衣包装袋,干垃圾
太阳镜,干垃圾
灭蚊片,干垃圾
CD,干垃圾
DVD,干垃圾
混合猫砂,干垃圾
水笔芯,干垃圾
键盘清洁胶,干垃圾
塑料夹子,干垃圾
砚台,干垃圾
证件塑料壳,干垃圾
登机牌,干垃圾
竹牙签,干垃圾
牛尾骨,干垃圾
湿纸箱,干垃圾
风油精瓶,干垃圾
驱蚊贴,干垃圾
硅胶手环,干垃圾
气垫BB霜,干垃圾
橡皮屑,干垃圾
中药面膜,干垃圾
牙刷头,干垃圾
牛肉干包装,干垃圾
胸贴,干垃圾
牛仔骨,干垃圾
盐包装袋,干垃圾
浴花,干垃圾
扫描仪,可回收垃圾
投影仪,可回收垃圾
包装纸,可回收垃圾
硬纸板,可回收垃圾
纸板箱,可回收垃圾
包装盒,可回收垃圾
点心盒,可回收垃圾
纸巾盒,可回收垃圾
牛奶盒,可回收垃圾
饮料利乐包装,可回收垃圾
PET塑料瓶,可回收垃圾
饮料瓶,可回收垃圾
硬质塑料瓶,可回收垃圾
塑料盒,可回收垃圾
冰淇淋盒,可回收垃圾
塑料杯,可回收垃圾
酸奶杯,可回收垃圾
果冻杯,可回收垃圾
软桶,可回收垃圾
塑料泡沫,可回收垃圾
气泡缓冲材料,可回收垃圾
水果网套,可回收垃圾
废弃塑料文具,可回收垃圾
玻璃瓶,可回收垃圾
碎玻璃片,可回收垃圾
其他玻璃制品,可回收垃圾
金属盒,可回收垃圾
其他金属制品,可回收垃圾
金属文件柜,可回收垃圾
沙发,大件垃圾
茶几,大件垃圾
办公桌,可回收垃圾
文件柜,可回收垃圾
椅子,大件垃圾
皮带,可回收垃圾
香水瓶,可回收垃圾
食品罐头,可回收垃圾
旧书包,可回收垃圾
旧鞋子,可回收垃圾
旧塑料篮子,可回收垃圾
旧玩偶,可回收垃圾
旧铁锅,可回收垃圾
不锈钢垃圾桶,可回收垃圾
旧帽子,可回收垃圾
旧夹子,可回收垃圾
废锁头,可回收垃圾
雨伞骨架,可回收垃圾
旧纸袋,可回收垃圾
纸盒,可回收垃圾
旧玩具,可回收垃圾
办公用纸,可回收垃圾
广告用纸,可回收垃圾
暖水瓶,可回收垃圾
废弃衣服,可回收垃圾
桌布,可回收垃圾
塑料包装,可回收垃圾
铁皮罐头,可回收垃圾
报废车辆,可回收垃圾
家电家具,可回收垃圾
玻璃烟灰缸,可回收垃圾
泡沫箱,可回收垃圾
墨水瓶,可回收垃圾
塑料垃圾桶,可回收垃圾
塑料饮料杯,可回收垃圾
吸铁石,可回收垃圾
塑料假花,可回收垃圾
指南针,可回收垃圾
自行车轮胎,可回收垃圾
袜子,干垃圾
竹签,可回收垃圾
旧衣服,可回收垃圾
轮胎,可回收垃圾
酸奶盒,可回收垃圾
钉子,可回收垃圾
地板砖,可回收垃圾
塑料壳,可回收垃圾
护肤品玻璃罐,可回收垃圾
奶粉罐,可回收垃圾
塑料瓶瓶盖,可回收垃圾
锡纸,干垃圾
废旧电子产品,可回收垃圾
鞋垫,可回收垃圾
过滤网,可回收垃圾
皮鞋,可回收垃圾
广告纸片,可回收垃圾
打印纸,可回收垃圾
菜刀,可回收垃圾
塑料盆,可回收垃圾
塑料桶,可回收垃圾
塑料日用品,可回收垃圾
塑料餐具,可回收垃圾
塑料纸,可回收垃圾
充电装置,可回收垃圾
砖头,可回收垃圾
水泥砖,可回收垃圾
矿泉水桶,可回收垃圾
可乐瓶,可回收垃圾
废旧木柴,可回收垃圾
保温袋,可回收垃圾
碎纸,可回收垃圾
铁盒,可回收垃圾
插线板,可回收垃圾
电风扇,可回收垃圾
水龙头,可回收垃圾
抗光屏,可回收垃圾
幕布,可回收垃圾
地球仪,可回收垃圾
空气净化器过滤网,可回收垃圾
化妆品瓶,可回收垃圾
未被污染的输液瓶,可回收垃圾
未被污染的输液袋,可回收垃圾
手机,可回收垃圾
溜冰鞋,可回收垃圾
废电路板,可回收垃圾
藤条,可回收垃圾
棕榈蜡,可回收垃圾
消毒液瓶,有害垃圾
自行车,可回收垃圾
洗面奶瓶,可回收垃圾
床垫,大件垃圾
木板,可回收垃圾
铝箔纸,可回收垃圾
铁制品,可回收垃圾
铜制品,可回收垃圾
泡沫塑料,可回收垃圾
雪碧罐,可回收垃圾
废旧小家电,可回收垃圾
卫生纸内芯,可回收垃圾
可口可乐瓶,可回收垃圾
笔记本电脑,可回收垃圾
电饭煲,可回收垃圾
塑料玩具,可回收垃圾
洗发水瓶,可回收垃圾
护发素瓶,可回收垃圾
洗衣液瓶,可回收垃圾
皮包,可回收垃圾
食用油桶,可回收垃圾
塑料衣架,可回收垃圾
铝膜,可回收垃圾
塑料水管,可回收垃圾
铁管,可回收垃圾
铜管,可回收垃圾
塑复钢管,可回收垃圾
铝塑复合管,可回收垃圾
金属管,可回收垃圾
红酒瓶,可回收垃圾
香槟瓶,可回收垃圾
白酒瓶,可回收垃圾
可乐瓶瓶盖,可回收垃圾
电动玩具,可回收垃圾
镜片,可回收垃圾
照相机,可回收垃圾
塑料花盆,可回收垃圾
无纺布手提袋,可回收垃圾
纸箱,可回收垃圾
iPad,可回收垃圾
墨汁瓶,可回收垃圾
化妆水瓶,可回收垃圾
护肤品瓶,可回收垃圾
护肤乳液瓶,可回收垃圾
酱油瓶,可回收垃圾
钢琴,大件垃圾
手链,可回收垃圾
手镯,可回收垃圾
木头,可回收垃圾
碎玻璃制品,可回收垃圾
电动牙刷,可回收垃圾
塑料包装纸盒,可回收垃圾
金属香炉,可回收垃圾
铅球,可回收垃圾
脸摩仪,可回收垃圾
脉动饮料瓶,可回收垃圾
跑步机,可回收垃圾
手电筒,可回收垃圾
螺钉,可回收垃圾
糖果罐,可回收垃圾
毛绒玩具,可回收垃圾
烧水壶,可回收垃圾
电冰箱,可回收垃圾
洗衣机,可回收垃圾
电烤箱,可回收垃圾
洗碗机,可回收垃圾
扫地机器人,可回收垃圾
面霜瓶,可回收垃圾
糖果盒,可回收垃圾
电话机,可回收垃圾
小提琴,大件垃圾
塑料架,可回收垃圾
茶叶罐,可回收垃圾
酒精瓶,可回收垃圾
座椅垫,可回收垃圾
蛋挞盒,可回收垃圾
纸质卡片,可回收垃圾
硅胶玩具,可回收垃圾
KFC纸袋,可回收垃圾
旧报纸,可回收垃圾
真空压缩袋,可回收垃圾
螺丝,可回收垃圾
尼龙袋,可回收垃圾
纸塑铝复合包装,可回收垃圾
油桶,可回收垃圾
食品保鲜盒,可回收垃圾
衣架,可回收垃圾
玻璃放大镜,可回收垃圾
窗玻璃,可回收垃圾
刀,可回收垃圾
螺丝刀,可回收垃圾
枕头,可回收垃圾
电子血压仪,可回收垃圾
塑料饭盒,可回收垃圾
木凳,可回收垃圾
木椅,大件垃圾
收音机,可回收垃圾
铃铛,可回收垃圾
棉布,可回收垃圾
咖啡隔热纸,可回收垃圾
毛线,可回收垃圾
塑料梳子,可回收垃圾
旧锁,可回收垃圾
纱线手套,可回收垃圾
不锈钢勺子,可回收垃圾
乐扣乐扣,可回收垃圾
木质拼板,可回收垃圾
眼霜罐,可回收垃圾
马桶盖,可回收垃圾
饮料瓶盖,可回收垃圾
玻璃锅盖,可回收垃圾
棉花被,可回收垃圾
防晒衣,可回收垃圾
地铁票,可回收垃圾
脸盆,可回收垃圾
脚盆,可回收垃圾
洗脸仪,可回收垃圾
电动剃须刀,可回收垃圾
充电牙刷,可回收垃圾
电炖锅,可回收垃圾
高压锅,可回收垃圾
热水袋,可回收垃圾
充电热水袋,可回收垃圾
玻璃碎片,可回收垃圾
废钥匙,可回收垃圾
干净饮料瓶,可回收垃圾
废报纸,可回收垃圾
旧被单,可回收垃圾
废旧吸铁石,可回收垃圾
冰红茶利乐包装,可回收垃圾
金属瓶盖,可回收垃圾
香烟盒,可回收垃圾
香烟壳,可回收垃圾
金手链,可回收垃圾
金项链,可回收垃圾
热水瓶,可回收垃圾
脚垫,可回收垃圾
钢化玻璃,可回收垃圾
纸质杯套,可回收垃圾
塑料杯套,可回收垃圾
星巴克纸袋,可回收垃圾
木条,可回收垃圾
木棍,可回收垃圾
簪子,可回收垃圾
鼓棒,可回收垃圾
奥特曼玩具,可回收垃圾
洗手液瓶,可回收垃圾
滑板,可回收垃圾
电源插头,可回收垃圾
信纸,可回收垃圾
画框,可回收垃圾
洗涤液瓶,可回收垃圾
二手手机,可回收垃圾
电动卷发棒,可回收垃圾
洗洁精瓶,可回收垃圾
拖把桶,可回收垃圾
台布,可回收垃圾
布艺窗帘,可回收垃圾
软玻璃,可回收垃圾
水晶板,可回收垃圾
钨丝灯,可回收垃圾
鲜奶盒,可回收垃圾
球鞋,可回收垃圾
草稿本,可回收垃圾
鞋带,可回收垃圾
干发帽,可回收垃圾
铝箔袋,可回收垃圾
纸质礼品盒,可回收垃圾
易拉罐拉环,可回收垃圾
书包,可回收垃圾
铁调羹,可回收垃圾
铁盒子,可回收垃圾
浴帘,可回收垃圾
泳帽,可回收垃圾
泳衣,可回收垃圾
电动保温箱,可回收垃圾
起钉器,可回收垃圾
消费卡,可回收垃圾
步步高学习机,可回收垃圾
塑料晾衣杆,可回收垃圾
金属零件,可回收垃圾
皮夹,可回收垃圾
旧布鞋,可回收垃圾
金子,可回收垃圾
金器,可回收垃圾
书本,可回收垃圾
拉杆箱,大件垃圾
棉被,可回收垃圾
金属钥匙扣,可回收垃圾
午餐肉罐头,可回收垃圾
帆布袋,可回收垃圾
变形金刚,可回收垃圾
皮质钱包,可回收垃圾
肯德基纸袋,可回收垃圾
纸牌,可回收垃圾
旧拖鞋,可回收垃圾
塑料酸奶盒,可回收垃圾
老干妈瓶子,可回收垃圾
洁厕灵瓶子,可回收垃圾
耳钉,可回收垃圾
奥特曼卡片,可回收垃圾
旧枕头,可回收垃圾
牛奶瓶,可回收垃圾
衣服干洗剂瓶,可回收垃圾
速冻食品保温袋,可回收垃圾
泡沫保温箱,可回收垃圾
玩具盒,可回收垃圾
玩具塑料盒,可回收垃圾
矿泉水瓶盖,可回收垃圾
垃圾箱,可回收垃圾
太空望远镜,可回收垃圾
铁丝,可回收垃圾
铜丝,可回收垃圾
金属门吸,可回收垃圾
吸门器,可回收垃圾
瑜伽垫,可回收垃圾
旧瑜伽垫,可回收垃圾
纸袋子,可回收垃圾
塑料膜,可回收垃圾
铁罐,可回收垃圾
鸡蛋盒,可回收垃圾
隐形眼镜包装盒,可回收垃圾
拍拍净瓶罐,可回收垃圾
喜糖铁盒子,可回收垃圾
废旧报纸,可回收垃圾
磁带播放器,可回收垃圾
纸质印刷品,可回收垃圾
排插,可回收垃圾
星巴克杯托,可回收垃圾
料酒瓶,可回收垃圾
木质拖把杆,可回收垃圾
金属拖把杆,可回收垃圾
小木棍,可回收垃圾
旧皮鞋,可回收垃圾
巴黎水玻璃瓶,可回收垃圾
自拍杆,可回收垃圾
置物架,可回收垃圾
球拍,可回收垃圾
清洁剂瓶,可回收垃圾
木质玩具,可回收垃圾
高尔夫球杆,可回收垃圾
铜线,可回收垃圾
快递纸箱,可回收垃圾
旧相机,可回收垃圾
乐高玩具,可回收垃圾
棉拖鞋,可回收垃圾
脏袜子,可回收垃圾
羽毛球拍,干垃圾
乒乓球拍,可回收垃圾
电子灭蚊拍,可回收垃圾
塑料瓶盖,可回收垃圾
卷筒纸芯,可回收垃圾
卡纸,可回收垃圾
奶粉桶,可回收垃圾
玩具塑料包装纸盒,可回收垃圾
曲奇铁罐,可回收垃圾
蓝罐曲奇盒,可回收垃圾
塑料标签,可回收垃圾
保鲜膜带齿盒,可回收垃圾
内存卡,可回收垃圾
背包,可回收垃圾
酸奶玻璃瓶,可回收垃圾
芯片,可回收垃圾
鞋盒,可回收垃圾
CPU,可回收垃圾
漱口水瓶,可回收垃圾
雨伞伞面,可回收垃圾
电脑机箱,可回收垃圾
塑料碗,可回收垃圾
玻璃渣,可回收垃圾
精华玻璃瓶,可回收垃圾
衣服包装袋,可回收垃圾
PS4,可回收垃圾
蜂蜜柚子茶玻璃罐,可回收垃圾
拖线板,可回收垃圾
包书纸,可回收垃圾
洁厕液瓶,可回收垃圾
玻璃密封容器,可回收垃圾
蓝牙耳机,可回收垃圾
牛皮纸,可回收垃圾
铅笔盒,可回收垃圾
玻璃电子秤,可回收垃圾
显示屏,可回收垃圾
蜜蜡,可回收垃圾
暖壶胆,可回收垃圾
玻璃蜡烛杯,可回收垃圾
雪弗板,可回收垃圾
快递纸袋,可回收垃圾
热水瓶胆,可回收垃圾
木盒子,可回收垃圾
枕芯,可回收垃圾
旧跑鞋,可回收垃圾
行李箱,大件垃圾
麦当劳咖啡杯杯盖（印有可回收标志）,可回收垃圾
肯德基豆浆杯盖（印有可回收标志）,可回收垃圾
羽绒服,可回收垃圾
无纺布包,可回收垃圾
保温壶,可回收垃圾
金属晾衣杆,可回收垃圾
橄榄球,可回收垃圾
塑料桌布,可回收垃圾
炒菜铁锅,可回收垃圾
铁衣架,可回收垃圾
网卡,可回收垃圾
口香糖塑料盒,可回收垃圾
美年达饮料瓶,可回收垃圾
圆规,可回收垃圾
布鞋套,可回收垃圾
青铜,可回收垃圾
皮料,可回收垃圾
电锯,可回收垃圾
钢尺,可回收垃圾
水槽过滤网,可回收垃圾
合金筷子,可回收垃圾
螺丝钉,可回收垃圾
饮料玻璃瓶,可回收垃圾
玻璃花瓶,可回收垃圾
旧剪刀,可回收垃圾
电热水壶,可回收垃圾
Kindle,可回收垃圾
榨汁机,可回收垃圾
搅拌器,可回收垃圾
鱼竿,可回收垃圾
芭比娃娃,可回收垃圾
塑料储物箱,可回收垃圾
脱排油烟机,可回收垃圾
燃气灶,可回收垃圾
童鞋,可回收垃圾
闹铃,可回收垃圾
电水壶,可回收垃圾
旅行箱,大件垃圾
饼干盒,可回收垃圾
首饰盒,可回收垃圾
味全果汁瓶,可回收垃圾
榨果汁机,可回收垃圾
百叶窗,可回收垃圾
金属鱼钩,可回收垃圾
橡胶拖鞋,可回收垃圾
化妆品外包装纸盒,可回收垃圾
电瓶车防晒垫,可回收垃圾
罐头瓶,可回收垃圾
环保布质垃圾袋,可回收垃圾
浴室防滑垫,可回收垃圾
手机屏,可回收垃圾
棉签盒,可回收垃圾
羊毛被,可回收垃圾
iPhone,可回收垃圾
翡翠手镯,可回收垃圾
汽车模型,可回收垃圾
秋裤,可回收垃圾
铁皮盖,可回收垃圾
食用油玻璃瓶,可回收垃圾
奶粉罐铝盖,可回收垃圾
洗衣液桶,可回收垃圾
吉他,可回收垃圾
酱菜瓶,可回收垃圾
腐乳瓶,可回收垃圾
维他奶包装,可回收垃圾
易拉罐盖,可回收垃圾
指甲刀,可回收垃圾
牙膏盒,可回收垃圾
搓衣板,可回收垃圾
咖啡杯套,可回收垃圾
果酱瓶,可回收垃圾
佐料瓶,可回收垃圾
丝绸,可回收垃圾
毛皮,可回收垃圾
椰奶盒,可回收垃圾
塑料文件袋,可回收垃圾
美肤仪,可回收垃圾
洁面仪,可回收垃圾
健身器材,可回收垃圾
纯牛奶纸盒,可回收垃圾
电动刮痧板,可回收垃圾
大提琴,可回收垃圾
水果刀,可回收垃圾
丝带,可回收垃圾
塑料沙漏,可回收垃圾
手机支撑架,可回收垃圾
滴露瓶,可回收垃圾
USB线,可回收垃圾
塑料拖把杆,可回收垃圾
番茄酱瓶,可回收垃圾
牛奶塑料瓶,可回收垃圾
旧窗帘,可回收垃圾
椰汁瓶,可回收垃圾
手机充电宝,可回收垃圾
手机充电器,可回收垃圾
凉鞋,可回收垃圾
节能灯插座,可回收垃圾
花洒软管,可回收垃圾
软塑料隔热垫,可回收垃圾
银行账单,可回收垃圾
喷火枪,可回收垃圾
酸奶瓶,可回收垃圾
打气筒,可回收垃圾
神仙水瓶,可回收垃圾
塑料调色盘,可回收垃圾
木勺,可回收垃圾
卷纸内芯,可回收垃圾
卷筒纸内芯,可回收垃圾
椰奶罐,可回收垃圾
卷纸芯,可回收垃圾
木棒,可回收垃圾
五金材料,可回收垃圾
塑料锅铲,可回收垃圾
木质锅铲,可回收垃圾
牙线盒,可回收垃圾
乐扣塑料盒,可回收垃圾
乐扣玻璃盒,可回收垃圾
木质花架,可回收垃圾
绿茶包装盒,可回收垃圾
电蒸锅,可回收垃圾
钻戒,可回收垃圾
银戒指,可回收垃圾
即冲奶茶包装盒,可回收垃圾
电容,可回收垃圾
电阻,可回收垃圾
二极管,可回收垃圾
三极管,可回收垃圾
废食用油瓶,可回收垃圾
开关,可回收垃圾
鸡蛋包装盒,可回收垃圾
黑板,大件垃圾
豆浆机,可回收垃圾
铁罐子,可回收垃圾
CD塑料盒,可回收垃圾
香薰玻璃瓶,可回收垃圾
真皮制品,可回收垃圾
羊皮制品,可回收垃圾
皮草制品,可回收垃圾
化妆品玻璃瓶,可回收垃圾
帆布鞋,可回收垃圾
休闲鞋,可回收垃圾
关东煮隔热杯套,可回收垃圾
烫衣板,可回收垃圾
废弃药瓶,有害垃圾
手机电池,有害垃圾
废荧光灯管,有害垃圾
废水银温度计,有害垃圾
废水银血压计,有害垃圾
过期药品,有害垃圾
废农药,有害垃圾
节能灯（含水银）,有害垃圾
LED 灯（含水银）,有害垃圾
油漆桶,有害垃圾
酒精,有害垃圾
调色板,有害垃圾
过期的胶囊药物,有害垃圾
过期药片,有害垃圾
医用棉签,干垃圾
医用手套,有害垃圾
农药瓶,有害垃圾
医用纱布,有害垃圾
口服液瓶,有害垃圾
废弃灯泡,有害垃圾
油漆笔,有害垃圾
锂电池,有害垃圾
生石灰,有害垃圾
胶卷底片,有害垃圾
废矿物油,有害垃圾
消毒剂,有害垃圾
胶片,有害垃圾
废血压计,有害垃圾
废镍镉电池,有害垃圾
氧化汞电池,有害垃圾
工业胶水,有害垃圾
胶合剂,有害垃圾
染发剂,有害垃圾
染发膏,有害垃圾
钮扣电池,有害垃圾
打印机墨盒,有害垃圾
硒鼓,有害垃圾
指甲油瓶子,有害垃圾
雷达瓶子,有害垃圾
塑料药盒,有害垃圾
过期指甲油,有害垃圾
卸甲膜,有害垃圾
医用针管,有害垃圾
膏药,干垃圾
药瓶,有害垃圾
药包装,有害垃圾
咳嗽药水瓶,有害垃圾
针头,有害垃圾
塑料药瓶,有害垃圾
药片包装,有害垃圾
药品包装袋,有害垃圾
一次性注射器,有害垃圾
玻璃药瓶,有害垃圾
开塞露,有害垃圾
板蓝根冲剂,有害垃圾
口服液,有害垃圾
铅酸电池,有害垃圾
荧光灯,有害垃圾
卸甲水,有害垃圾
水银体温计,有害垃圾
X光片,有害垃圾
相片底片,有害垃圾
深海鱼油,有害垃圾
眼药水,有害垃圾
笔记本电脑电池,有害垃圾
过期感冒药,有害垃圾
冻干粉,有害垃圾
杀虫子罐,有害垃圾
染发手套,有害垃圾
钙片,有害垃圾
药膏,有害垃圾
药膏包装壳,有害垃圾
眼药水瓶,有害垃圾
药水玻璃瓶,有害垃圾
空药瓶,有害垃圾
空调清洗消毒液瓶,有害垃圾
安神补脑液瓶,有害垃圾
蟑螂药,有害垃圾
过期西药,有害垃圾
药品纸盒,有害垃圾
伤筋膏药,有害垃圾
伤筋药膏包装,有害垃圾
止痛膏,有害垃圾
纸药盒,有害垃圾
除渍剂,有害垃圾
西药瓶,有害垃圾
保健品瓶子,有害垃圾
打印机色带,有害垃圾
给药器,有害垃圾
松节油,有害垃圾
维生素瓶,有害垃圾
药液袋,有害垃圾
药片铝塑包装,有害垃圾
医用注射器,有害垃圾
输液瓶,有害垃圾
碳粉盒,有害垃圾
化学剂桶,有害垃圾
胶水桶,有害垃圾
马应龙,有害垃圾
鱼油胶囊,有害垃圾
药壶,有害垃圾
碘酒瓶,有害垃圾
外敷伤药,有害垃圾
膏药布,有害垃圾
透明塑料药瓶,有害垃圾
樟脑丸,有害垃圾
电灯泡,有害垃圾
金霉素眼药膏,有害垃圾
咳嗽药片,有害垃圾
达克宁药膏,有害垃圾
达克宁药膏皮,有害垃圾
卸甲油,有害垃圾
止咳糖浆瓶,有害垃圾
痔疮膏,有害垃圾
泡腾片,有害垃圾
阿胶糕,湿垃圾
塑料档案袋,可回收垃圾
纸质档案袋,可回收垃圾
河蚌,干垃圾
背心,可回收垃圾
贝壳肉,湿垃圾
方便面袋,干垃圾
茶饼,湿垃圾
玻璃罐,可回收垃圾
铝箔包,干垃圾
锡箔纸,干垃圾
不锈钢杯,可回收垃圾
餐巾纸,干垃圾
党参,湿垃圾
残渣剩饭,湿垃圾
草帽,干垃圾
电池,有害垃圾
干电池,有害垃圾
塑料尺,可回收垃圾
不锈钢尺,可回收垃圾
毛毛虫,湿垃圾
宠物毛发,干垃圾
金属厨具,可回收垃圾
厨房垃圾袋,干垃圾
纯棉靠垫,可回收垃圾
纯棉靠枕,可回收垃圾
磁盘盒,可回收垃圾
磁片盒,可回收垃圾
暖瓶玻璃内胆,可回收垃圾
打碎的碗,干垃圾
鱼的内脏,湿垃圾
塑料凳,可回收垃圾
地瓜皮,湿垃圾
快递冰袋,干垃圾
过期糕点,湿垃圾
冬笋,湿垃圾
水银温度计,有害垃圾
防晒霜空瓶,可回收垃圾
废花盆,干垃圾
废胶片,有害垃圾
凤梨,湿垃圾
中药敷贴,干垃圾
护肤品玻璃空瓶,可回收垃圾
护肤品塑料空瓶,可回收垃圾
护肤霜玻璃空瓶,可回收垃圾
猪肉脯,湿垃圾
可擦复写笔,干垃圾
塑料盖,可回收垃圾
青菜杆,湿垃圾
玻璃烟缸,可回收垃圾
隔离霜空瓶,可回收垃圾
各类过期药品,有害垃圾
金属工具,可回收垃圾
含汞电池,有害垃圾
狗尿布,干垃圾
鸡骨,湿垃圾
挂耳咖啡包,干垃圾
铝锅,可回收垃圾
过滤芯,干垃圾
电焊丝,可回收垃圾
木盒,可回收垃圾
黑木耳,湿垃圾
护发素塑料空瓶,可回收垃圾
精华液玻璃空瓶,可回收垃圾
精华液塑料空瓶,可回收垃圾
油画,干垃圾
油画棒,干垃圾
家养花卉,湿垃圾
木质积木,可回收垃圾
鸡骨架,湿垃圾
金属衣架,可回收垃圾
无汞碱性电池,干垃圾
豆角壳,湿垃圾
节能灯泡,有害垃圾
桔子,湿垃圾
洗洁精空瓶,可回收垃圾
酒精棉,干垃圾
干净的纸杯,干垃圾
净水器滤芯,干垃圾
旧草帽,干垃圾
玻璃餐具,可回收垃圾
塑料卡片,可回收垃圾
烤肉,湿垃圾
乐扣乐扣塑料盒,可回收垃圾
木筷子,可回收垃圾
塑料筷子,可回收垃圾
宽粉,湿垃圾
金属制菜篮子,可回收垃圾
烂黄瓜,湿垃圾
利乐枕,可回收垃圾
利乐砖,可回收垃圾
可乐空罐,可回收垃圾
鱼类,湿垃圾
荔枝,湿垃圾
长筒连裤袜,干垃圾
护脸霜玻璃空瓶,可回收垃圾
护脸霜塑料空瓶,可回收垃圾
鸟粮,湿垃圾
木质晾衣架,可回收垃圾
不锈钢晾衣杆,可回收垃圾
过期零食,湿垃圾
金属哑铃,可回收垃圾
榴莲,干垃圾
花露水玻璃空瓶,可回收垃圾
沐浴露玻璃空瓶,可回收垃圾
沐浴露塑料空瓶,可回收垃圾
马甲袋,干垃圾
满天星,湿垃圾
话梅核,湿垃圾
空灭火器,可回收垃圾
灭蚊剂瓶,有害垃圾
包书膜,干垃圾
磨砂膏塑料空瓶,可回收垃圾
废旧抹布,干垃圾
墨鱼,湿垃圾
泡沫餐盒,干垃圾
塑料收纳箱,可回收垃圾
无纺布收纳箱,可回收垃圾
奶片,湿垃圾
胶囊药片,有害垃圾
镉镍电池,有害垃圾
镍铝电池,有害垃圾
泡菜,湿垃圾
杀虫喷雾罐,有害垃圾
杀虫喷雾瓶,有害垃圾
玻璃盆,可回收垃圾
瓜皮,湿垃圾
收银小票,可回收垃圾
废药品,有害垃圾
铝瓶,可回收垃圾
破瓷瓶,干垃圾
过期茶叶,湿垃圾
乳胶漆,有害垃圾
空煤气罐,可回收垃圾
彩色铅笔,干垃圾
木头铅笔,干垃圾
青草,湿垃圾
镍氢电池,有害垃圾
装订铁圈,可回收垃圾
燃气罐空瓶,可回收垃圾
燃油罐空瓶,可回收垃圾
染发料瓶,有害垃圾
日光灯管,有害垃圾
金属制容器,可回收垃圾
毛绒垫,可回收垃圾
果肉,湿垃圾
润发乳空瓶,可回收垃圾
润肤霜玻璃空瓶,可回收垃圾
砂纸,干垃圾
杀虫剂罐,有害垃圾
杀虫剂瓶,有害垃圾
沙包,干垃圾
防晒霜玻璃空瓶,可回收垃圾
防晒霜塑料空瓶,可回收垃圾
山芋皮,湿垃圾
剩饭剩菜,湿垃圾
风干食品,湿垃圾
过期粮食,湿垃圾
狗屎纸,干垃圾
过期芝士,湿垃圾
手纸,干垃圾
受污染纸张,干垃圾
腐烂蔬菜,湿垃圾
金属锅,可回收垃圾
漱口水塑料空瓶,可回收垃圾
面霜塑料空瓶,可回收垃圾
爽肤水玻璃空瓶,可回收垃圾
爽肤水塑料空瓶,可回收垃圾
死鱼,湿垃圾
速冻饺子包装,干垃圾
酸奶利乐包装盒,可回收垃圾
碎玻璃,可回收垃圾
碎瓷片,干垃圾
污损报纸,干垃圾
污损纸盒,干垃圾
太阳能电池,有害垃圾
羊毛毯,可回收垃圾
碎陶瓷,干垃圾
陶瓷刀,干垃圾
田螺肉,湿垃圾
铁桶,可回收垃圾
纸筒,可回收垃圾
竹筒,干垃圾
薯片外包装,干垃圾
陶瓷碗,干垃圾
调味品,湿垃圾
保温材料,干垃圾
无花果壳,湿垃圾
衣物,可回收垃圾
锡纸盒,干垃圾
竹席,干垃圾
相片,有害垃圾
相纸,有害垃圾
相片纸,有害垃圾
橡胶垫,干垃圾
84消毒液空瓶,有害垃圾
小排,湿垃圾
卸妆油空瓶,可回收垃圾
杏,湿垃圾
铅蓄电池,有害垃圾
雪蟹蟹壳,湿垃圾
龙眼壳,湿垃圾
过期燕麦片,湿垃圾
羊肉,湿垃圾
花椰菜,湿垃圾
口服液药瓶,有害垃圾
洗手液空瓶,可回收垃圾
皮衣,可回收垃圾
电影胶片,有害垃圾
有机溶剂包装,有害垃圾
玉米杆,湿垃圾
鲜肉月饼,湿垃圾
家养盆栽,湿垃圾
药渣,湿垃圾
炸鸡腿,湿垃圾
粘鼠胶,有害垃圾
木质擀面杖,可回收垃圾
塑料擀面杖,可回收垃圾
纸质账单,可回收垃圾
照相机电池,有害垃圾
塑料砧板,可回收垃圾
乳制品,湿垃圾
玻璃制品,可回收垃圾
圆珠笔笔套,可回收垃圾
水煮花生壳,湿垃圾
包装袋,干垃圾
自动铅笔,干垃圾
钻头,可回收垃圾
安全座椅,大件垃圾
白板,大件垃圾
板凳,大件垃圾
脚踏车,大件垃圾
抽屉,大件垃圾
储物柜,大件垃圾
床,大件垃圾
凳子,大件垃圾
手风琴,大件垃圾
柜子,大件垃圾
大件垃圾,大件垃圾
家具,大件垃圾
红木家具,大件垃圾
书架,大件垃圾
课桌,大件垃圾
席梦思,大件垃圾
电脑桌,大件垃圾
书柜,大件垃圾
木箱,大件垃圾
收录音机,可回收垃圾
小型音响,可回收垃圾
饮水机,可回收垃圾
电子游戏机,可回收垃圾
电子手表,可回收垃圾
尿袋（家庭产生）,干垃圾
手持电风扇,可回收垃圾
空调器,可回收垃圾
大型多功能打印机,可回收垃圾
大型复印机,可回收垃圾
大型烘干机,可回收垃圾
小型烘干机,可回收垃圾
电子体温计,可回收垃圾
冷暖气机,可回收垃圾
落地电风扇,可回收垃圾
落地式台灯,可回收垃圾
迷你电视机,可回收垃圾
电子闹钟,可回收垃圾
大屏电视机,可回收垃圾
台式电脑,可回收垃圾
大型显示器,可回收垃圾
小型显示器,可回收垃圾
小型保险箱,可回收垃圾
果汁机,可回收垃圾
书桌,大件垃圾
桌子,大件垃圾
家用吸尘器,可回收垃圾
阿司匹林,有害垃圾
阿尔卑斯糖,湿垃圾
艾草,湿垃圾
艾叶,湿垃圾
安全帽,可回收垃圾
安全套,干垃圾
按摩棒,干垃圾
密胺碗,可回收垃圾
密胺餐具,可回收垃圾
档案袋,可回收垃圾
肮脏塑料袋,干垃圾
棉袄,可回收垃圾
芭蕉叶,湿垃圾
八角,湿垃圾
八宝饭,湿垃圾
八宝粥,湿垃圾
锅巴,湿垃圾
泥巴,干垃圾
巴旦木壳,湿垃圾
扫把,干垃圾
拖把,干垃圾
旧拖把,干垃圾
浴霸灯,可回收垃圾
浴霸灯泡,有害垃圾
白菜,湿垃圾
白纸,可回收垃圾
百洁布,干垃圾
玻璃摆件,可回收垃圾
一般铁罐,可回收垃圾
板栗,湿垃圾
复印件版纸,可回收垃圾
干拌面,湿垃圾
搅拌棒,干垃圾
搅拌勺,干垃圾
花瓣,湿垃圾
衣服半成品,可回收垃圾
手办,可回收垃圾
蹄膀,湿垃圾
鸡翅膀,湿垃圾
蹄膀骨头,干垃圾
棒骨,干垃圾
胶棒,干垃圾
棉棒,干垃圾
蚌壳,干垃圾
包包,可回收垃圾
包子,湿垃圾
布包,可回收垃圾
包装薄膜,干垃圾
塑料薄膜,干垃圾
薄型塑料袋,干垃圾
保健品,有害垃圾
保龄球,干垃圾
保暖杯,可回收垃圾
汉堡,湿垃圾
汉堡包,湿垃圾
汉堡盒,干垃圾
宝特瓶,可回收垃圾
抱枕,可回收垃圾
报刊,可回收垃圾
报纸,可回收垃圾
海报,可回收垃圾
鲍鱼,干垃圾
鲍鱼壳,干垃圾
爆竹,干垃圾
爆米花,湿垃圾
铁杯,可回收垃圾
纸杯,干垃圾
旧背包,可回收垃圾
贝壳,干垃圾
扇贝,干垃圾
贝壳类,干垃圾
电脑设备,可回收垃圾
被单,可回收垃圾
被套,可回收垃圾
被芯,可回收垃圾
本子,可回收垃圾
绘本,可回收垃圾
课本,可回收垃圾
绷带,干垃圾
鼻毛,干垃圾
鼻屎,干垃圾
鼻涕纸,干垃圾
笔,干垃圾
笔袋,干垃圾
雪碧瓶,可回收垃圾
碧根果壳,干垃圾
冥币,干垃圾
游戏币,可回收垃圾
避孕套,干垃圾
避孕药,有害垃圾
用过的避孕套,干垃圾
鞭炮,干垃圾
牛鞭,湿垃圾
纸张鞭炮,干垃圾
编织袋,干垃圾
便签,干垃圾
变质食品,湿垃圾
变质的食物,湿垃圾
标签,干垃圾
鼠标,可回收垃圾
标签卡,干垃圾
手表,可回收垃圾
钟表,可回收垃圾
电表盒,可回收垃圾
别针,干垃圾
曲别针,干垃圾
瘪掉的篮球,可回收垃圾
冰袋,干垃圾
冰柜,可回收垃圾
冰糖,湿垃圾
葡萄柄,湿垃圾
游戏手柄,可回收垃圾
丙烯,干垃圾
饼干,湿垃圾
大饼,湿垃圾
粉饼,干垃圾
病人换下来的纸尿裤,干垃圾
玻璃,可回收垃圾
玻璃杯,可回收垃圾
玻璃尺,可回收垃圾
菠菜,湿垃圾
菠萝,湿垃圾
菠萝干,湿垃圾
数字音乐播放器,可回收垃圾
微波炉,可回收垃圾
铂金纸,干垃圾
铝箔,可回收垃圾
鋁箔,可回收垃圾
锡箔,干垃圾
鸭脖,湿垃圾
鸭脖子,湿垃圾
捕蚊灯,可回收垃圾
萝卜,湿垃圾
胡萝卜,湿垃圾
萝卜干,湿垃圾
不锈钢,可回收垃圾
不粘锅,可回收垃圾
尿不湿,干垃圾
布,可回收垃圾
布袋,可回收垃圾
电话簿,可回收垃圾
板擦儿,干垃圾
擦屎纸,干垃圾
擦手巾,干垃圾
药材,湿垃圾
彩笔,干垃圾
彩电,可回收垃圾
彩票,干垃圾
菜,湿垃圾
餐盒,干垃圾
餐巾,干垃圾
餐纸,干垃圾
西洋参,湿垃圾
蚕丝,可回收垃圾
蚕豆壳,湿垃圾
残羹,湿垃圾
残花,湿垃圾
残枝,湿垃圾
苍蝇,湿垃圾
苍蝇拍,干垃圾
草,湿垃圾
草莓,湿垃圾
厕纸,干垃圾
厕所纸,干垃圾
手册,可回收垃圾
相册,干垃圾
宣传册,可回收垃圾
插排,可回收垃圾
插头,可回收垃圾
插座,可回收垃圾
叉子,可回收垃圾
塑料叉子,干垃圾
一次性叉子,干垃圾
茶,湿垃圾
茶包,干垃圾
茶袋,干垃圾
搽鼻涕纸,干垃圾
火柴,干垃圾
硅胶铲,干垃圾
木铲板,可回收垃圾
电器产品,可回收垃圾
电子产品,可回收垃圾
水产类弃物,湿垃圾
常温牛奶盒,可回收垃圾
常温牛奶盒子,可回收垃圾
平常喝的茶叶,湿垃圾
长靴,可回收垃圾
长毛绒,可回收垃圾
长生果,湿垃圾
红肠,湿垃圾
香肠,湿垃圾
鱼肠,湿垃圾
唱片,干垃圾
黑胶唱片,干垃圾
超能胶,干垃圾
手抄报,干垃圾
点钞机,可回收垃圾
过朝食品,湿垃圾
防潮盒,可回收垃圾
防潮剂,干垃圾
吸潮剂,干垃圾
炒面,湿垃圾
炒板栗,湿垃圾
炒花生壳,湿垃圾
尘土,干垃圾
灰尘,干垃圾
陈皮,湿垃圾
衬衫,可回收垃圾
衬衣,可回收垃圾
橙,湿垃圾
橙皮,湿垃圾
橙子,湿垃圾
中成药,有害垃圾
成人尿布,干垃圾
集成电路板,可回收垃圾
体重秤,可回收垃圾
吃过的甘蔗,湿垃圾
吃剩的快餐,湿垃圾
吃过的棒棒糖,干垃圾
钥匙,可回收垃圾
车钥匙,干垃圾
金属汤匙,可回收垃圾
電池,有害垃圾
蓄电池,有害垃圾
充电电池,有害垃圾
齿轮,可回收垃圾
牙齿,干垃圾
掉下来的牙齿,干垃圾
尺,干垃圾
尺子,可回收垃圾
铁尺,可回收垃圾
鸡翅,湿垃圾
鸡翅骨头,湿垃圾
白炽灯,有害垃圾
白炽灯泡,有害垃圾
充电宝,可回收垃圾
充电器,可回收垃圾
充电线,可回收垃圾
冲泡饮料,湿垃圾
虫,湿垃圾
虫子,湿垃圾
米虫,湿垃圾
宠物毛,干垃圾
抽纸,干垃圾
绸带,可回收垃圾
丝绸制品,可回收垃圾
臭豆腐,湿垃圾
臭鸡蛋,湿垃圾
臭袜子,干垃圾
打印出来的纸,可回收垃圾
厨余,湿垃圾
厨房纸,干垃圾
厨房垃圾,湿垃圾
除草剂,有害垃圾
除湿盒,可回收垃圾
除湿机,可回收垃圾
传单,可回收垃圾
传真机,可回收垃圾
传真纸,可回收垃圾
手串,干垃圾
窗帘,可回收垃圾
窗纱,干垃圾
床单,可回收垃圾
创可贴,干垃圾
创口贴,干垃圾
用的创可贴,干垃圾
吹风机,可回收垃圾
电吹风,可回收垃圾
锤子,可回收垃圾
铁锤,可回收垃圾
春梅,湿垃圾
唇膏,干垃圾
润唇膏,干垃圾
磁带,干垃圾
磁卡,干垃圾
磁铁,可回收垃圾
瓷片,干垃圾
瓷器,干垃圾
瓷碗,干垃圾
鱼刺,湿垃圾
一次性碗,干垃圾
一次塑料杯,干垃圾
一次性杯子,干垃圾
葱,湿垃圾
葱蒜,湿垃圾
大葱,湿垃圾
醋瓶,可回收垃圾
脆骨,湿垃圾
水果脆,湿垃圾
内存条,可回收垃圾
3.5英寸软盘,干垃圾
打包袋,干垃圾
打包盒,干垃圾
打底裤,可回收垃圾
担担面,湿垃圾
鸡毛掸,干垃圾
鸡毛掸子,干垃圾
海胆,湿垃圾
海胆壳,干垃圾
鸡旦壳,湿垃圾
淡菜,湿垃圾
弹簧,可回收垃圾
子弹,干垃圾
蛋,湿垃圾
蛋糕,湿垃圾
蛋黄,湿垃圾
麦当劳纸袋,可回收垃圾
刀片,可回收垃圾
飞刀,可回收垃圾
剪刀,可回收垃圾
导线,可回收垃圾
塑料管道,可回收垃圾
拍立得,可回收垃圾
的确良,可回收垃圾
破的碗,干垃圾
贝壳的肉,湿垃圾
灯管,有害垃圾
灯泡,有害垃圾
登山杖,可回收垃圾
低温牛奶盒子,可回收垃圾
竹笛,干垃圾
底片,干垃圾
粉底,干垃圾
地毯,可回收垃圾
烟蒂,干垃圾
香烟蒂,干垃圾
抽完的烟蒂,干垃圾
快递袋,干垃圾
快递盒,可回收垃圾
快递箱,可回收垃圾
糕点,湿垃圾
早点盒,干垃圾
垫子,可回收垃圾
护垫,干垃圾
电灯,可回收垃圾
电锅,可回收垃圾
淀粉,湿垃圾
木雕,可回收垃圾
掉落的头发,干垃圾
吊牌,干垃圾
衣服吊牌,干垃圾
钓鱼竿,干垃圾
钓鱼钩,干垃圾
钓鱼线,干垃圾
空调,可回收垃圾
空调机,可回收垃圾
空调扇,可回收垃圾
碟片,干垃圾
光碟,干垃圾
碗碟,干垃圾
丁字裤,干垃圾
铁钉,可回收垃圾
图钉,干垃圾
洋钉,可回收垃圾
机顶盒,可回收垃圾
吸顶灯,有害垃圾
电视机顶盒,可回收垃圾
订书钉,干垃圾
订书机,可回收垃圾
订书针,干垃圾
冬瓜,湿垃圾
冬笋壳,湿垃圾
冬枣核,湿垃圾
动物毛,干垃圾
果冻,湿垃圾
果冻盒,干垃圾
冷冻食品,湿垃圾
电熨斗,可回收垃圾
水斗漏网,干垃圾
大豆,湿垃圾
豆腐,湿垃圾
豆类,湿垃圾
毒鼠强,有害垃圾
杀毒剂,有害垃圾
消毒药片,有害垃圾
电子书阅读器,可回收垃圾
杜蕾斯,干垃圾
温度计,有害垃圾
废温度计,有害垃圾
电子温度计,可回收垃圾
短裤,干垃圾
缎带,可回收垃圾
多肉,湿垃圾
多肉植物,湿垃圾
养乐多瓶,可回收垃圾
花朵,湿垃圾
鹅,湿垃圾
儿童玩具,可回收垃圾
婴儿尿布,干垃圾
耳环,可回收垃圾
耳机,可回收垃圾
耳屎,干垃圾
二手衣物,可回收垃圾
发胶,干垃圾
发蜡,干垃圾
发票,干垃圾
盐酸伐昔洛韦片,有害垃圾
书法纸,可回收垃圾
帆布包,可回收垃圾
番茄,湿垃圾
番薯,湿垃圾
番茄酱,湿垃圾
饭,湿垃圾
菜饭,湿垃圾
饭菜,湿垃圾
魔方,干垃圾
方便筷,干垃圾
方便面,湿垃圾
防腐剂,干垃圾
纺织布,可回收垃圾
纺织品,可回收垃圾
纺织物,可回收垃圾
放大镜,可回收垃圾
录放机,可回收垃圾
咖啡,湿垃圾
咖啡包,湿垃圾
咖啡袋,干垃圾
飞机杯,干垃圾
肥料,干垃圾
肥皂,干垃圾
花肥,干垃圾
夫妻肺片,湿垃圾
废铝,可回收垃圾
废书,可回收垃圾
废铁,可回收垃圾
电费账单,可回收垃圾
粉笔,干垃圾
信封,可回收垃圾
封箱带,干垃圾
密封袋,干垃圾
蜂蜜罐,可回收垃圾
风扇,可回收垃圾
风衣,可回收垃圾
风筝,干垃圾
缝纫针,干垃圾
敷料,干垃圾
护肤品,干垃圾
润肤霜,可回收垃圾
护肤霜瓶,可回收垃圾
服装,可回收垃圾
衣服,可回收垃圾
废衣服,可回收垃圾
腐肉,湿垃圾
复写纸,干垃圾
复印机,可回收垃圾
复印纸,可回收垃圾
富贵竹,湿垃圾
高附加值可回收物,可回收垃圾
咖啡纸杯(内表面附塑料膜),干垃圾
涂改笔,干垃圾
氯化钙除湿剂,干垃圾
笔盖,干垃圾
锅盖,干垃圾
铝盖,可回收垃圾
干果,湿垃圾
干花,湿垃圾
甘蔗,湿垃圾
甘蔗皮,干垃圾
甘蔗渣,湿垃圾
笔杆,干垃圾
晾衣杆,可回收垃圾
桔柑,湿垃圾
竹竿,干垃圾
鸡肝,湿垃圾
感光片,有害垃圾
感冒药,有害垃圾
感光胶片,有害垃圾
麦秆,湿垃圾
钢笔,干垃圾
烟缸,可回收垃圾
鱼缸,可回收垃圾
高粱,湿垃圾
乐高,可回收垃圾
高跟鞋,可回收垃圾
石膏,干垃圾
牙膏,干垃圾
糕饼,湿垃圾
草稿纸,可回收垃圾
写过的草稿纸,可回收垃圾
广告单,可回收垃圾
广告纸,可回收垃圾
小广告,可回收垃圾
大哥大,可回收垃圾
鸽子,湿垃圾
皮革,可回收垃圾
旧包皮革,可回收垃圾
皮革制品,可回收垃圾
蛤蜊,干垃圾
蛤蟆,湿垃圾
花蛤,干垃圾
隔离霜,干垃圾
隔夜菜,湿垃圾
个人计算机,可回收垃圾
各式皮包,可回收垃圾
各类刀、刀片,可回收垃圾
各类过期食品,湿垃圾
菜根,湿垃圾
树根,湿垃圾
菜梗,湿垃圾
桔梗,湿垃圾
菜梗菜叶,湿垃圾
工资卡,可回收垃圾
美工刀,可回收垃圾
公仔,可回收垃圾
公交卡,可回收垃圾
含汞体温计,有害垃圾
含汞温度计,有害垃圾
含汞血压计,有害垃圾
铁钩,可回收垃圾
勾线笔,干垃圾
水垢,干垃圾
购物纸袋,可回收垃圾
塑料购物袋,干垃圾
纸质购物袋,可回收垃圾
菌菇,湿垃圾
蘑菇,湿垃圾
香菇,湿垃圾
晒鼓墨盒,可回收垃圾
古筝,大件垃圾
大骨,干垃圾
谷物,湿垃圾
鸡屁股,湿垃圾
鸭屁股,湿垃圾
烟屁股,干垃圾
固体胶,干垃圾
雨刮器,干垃圾
刮胡子刀片,可回收垃圾
汽车雨刮器,干垃圾
瓜,湿垃圾
瓜果,湿垃圾
挂历,可回收垃圾
挂钟,可回收垃圾
挂号纸,可回收垃圾
铝管,可回收垃圾
吸管,干垃圾
罐头,可回收垃圾
铝罐,可回收垃圾
陶罐,干垃圾
光盘,干垃圾
光驱,可回收垃圾
玫瑰,湿垃圾
玫瑰花,湿垃圾
干枯玫瑰花,湿垃圾
硅胶,干垃圾
乌龟壳,干垃圾
桂圆,湿垃圾
桂圆核,湿垃圾
桂圆壳,湿垃圾
铁棍,可回收垃圾
冰棍棒,干垃圾
糖葫芦棍,干垃圾
锅,可回收垃圾
过滤盒,干垃圾
过滤器,干垃圾
哈密瓜皮,湿垃圾
孩子尿片,干垃圾
小孩尿布,干垃圾
海带,湿垃圾
有害垃圾,有害垃圾
含油抹布,干垃圾
焊丝,可回收垃圾
汗衫,可回收垃圾
记号笔,干垃圾
取号纸,干垃圾
喝过的茶叶,湿垃圾
喝完的药瓶,有害垃圾
喝过的茶叶渣,湿垃圾
荷包蛋,湿垃圾
果核,湿垃圾
梨核,湿垃圾
桃核,湿垃圾
糖和藕粉,湿垃圾
铝合金,可回收垃圾
复合包装,干垃圾
合金玩具,可回收垃圾
笔盒,可回收垃圾
饭盒,干垃圾
河豚,湿垃圾
贺卡,可回收垃圾
黑豆,湿垃圾
黑猪,湿垃圾
烘干机,可回收垃圾
烘手器,可回收垃圾
红笔,干垃圾
红薯,湿垃圾
猕猴桃,湿垃圾
厚纸板,可回收垃圾
厚塑料袋,干垃圾
厚型塑料袋,干垃圾
粉碎后的打印纸,干垃圾
洗净后的牛奶盒,可回收垃圾
打印后的彩色照片,有害垃圾
呼叫器,可回收垃圾
珊瑚,干垃圾
茶壶,干垃圾
油壶,可回收垃圾
玻璃壶,可回收垃圾
胡子,干垃圾
胡椒粉,湿垃圾
浆糊,干垃圾
虎牙,干垃圾
护目镜,干垃圾
花,湿垃圾
菜花,湿垃圾
华为手机,可回收垃圾
金华火腿,湿垃圾
精华液瓶,可回收垃圾
防滑垫,可回收垃圾
润滑剂,干垃圾
润滑油,干垃圾
画笔,干垃圾
画纸,可回收垃圾
胶画,干垃圾
绿化,湿垃圾
钢化膜,干垃圾
电话,可回收垃圾
话梅,湿垃圾
话筒,可回收垃圾
坏发卡,干垃圾
坏钢笔,干垃圾
手环,干垃圾
环保袋,可回收垃圾
黄豆,湿垃圾
黄瓜,湿垃圾
灰,干垃圾
徽章,干垃圾
回收物,可回收垃圾
回形针,干垃圾
可回收,可回收垃圾
花卉,湿垃圾
花卉绿植,湿垃圾
花卉植物,湿垃圾
会员卡,可回收垃圾
婚戒,可回收垃圾
结婚证书,可回收垃圾
活性炭,干垃圾
活性炭滤芯,干垃圾
火锅,湿垃圾
干货,湿垃圾
干垃圾,干垃圾
干拉圾,干垃圾
垃圾袋,干垃圾
火机,干垃圾
积木,可回收垃圾
木积木,可回收垃圾
塑料积木,可回收垃圾
冰激淋,湿垃圾
冰激凌,湿垃圾
冰激凌木棒,干垃圾
鸡,湿垃圾
鸡蛋,湿垃圾
书籍,可回收垃圾
水产及其加工食品,湿垃圾
食物残渣及宠物饲料,湿垃圾
急支糖浆,有害垃圾
月季,湿垃圾
药剂,有害垃圾
除湿剂,干垃圾
计算机,可回收垃圾
计算器,可回收垃圾
体温计,有害垃圾
笔记本,可回收垃圾
笔记本纸,可回收垃圾
夹克,可回收垃圾
衣夹,干垃圾
马夹袋,干垃圾
家电,可回收垃圾
废家电,可回收垃圾
加湿器,可回收垃圾
加工类食品,湿垃圾
肉蛋加工食品,湿垃圾
花甲,干垃圾
甲油,有害垃圾
甲鱼,湿垃圾
高铁酸钾,有害垃圾
假发,干垃圾
假牙,干垃圾
假发套,干垃圾
铁架,可回收垃圾
坚果,干垃圾
坚果壳,干垃圾
坚果果壳,干垃圾
卫生间纸,干垃圾
打印间碎纸,可回收垃圾
卫生间废纸,干垃圾
煎鍋,可回收垃圾
生煎,湿垃圾
生煎包,湿垃圾
碱性无汞电池,干垃圾
剪纸,干垃圾
剪子,可回收垃圾
键盘,可回收垃圾
废键盘,可回收垃圾
文件袋,干垃圾
文件夹,可回收垃圾
过期保健品,有害垃圾
蜜饯,湿垃圾
姜,湿垃圾
生姜,湿垃圾
麻将牌,干垃圾
麻将台,可回收垃圾
豆浆袋,干垃圾
豆浆袋子,干垃圾
果酱,湿垃圾
酱料,湿垃圾
酱汁,湿垃圾
可降解塑料,可回收垃圾
可降解垃圾袋,干垃圾
可降解塑料袋,干垃圾
香蕉,湿垃圾
烂香蕉,湿垃圾
菜椒,湿垃圾
花椒,湿垃圾
辣椒,湿垃圾
交通卡,可回收垃圾
木质搅拌棒,干垃圾
泔脚,湿垃圾
脚皮,干垃圾
猪脚,湿垃圾
菱角,湿垃圾
牛角,干垃圾
饺子,湿垃圾
水饺,湿垃圾
水饺袋,干垃圾
污染较严重的纸张,干垃圾
接线板,可回收垃圾
节能灯,有害垃圾
废节能灯,有害垃圾
节能灯管,有害垃圾
桔,湿垃圾
假睫毛,干垃圾
睫毛膏,干垃圾
睫毛刷,干垃圾
清洁瓶,可回收垃圾
毛豆结,湿垃圾
结成团的猫砂,干垃圾
戒指,可回收垃圾
金戒指,可回收垃圾
毛巾,干垃圾
湿巾,干垃圾
牛筋,湿垃圾
皮筋,干垃圾
黄金,可回收垃圾
金属,可回收垃圾
金鱼,湿垃圾
香烟灰烬,干垃圾
根茎蔬菜,湿垃圾
蔬菜茎叶,湿垃圾
水果茎枝,湿垃圾
液晶屏,可回收垃圾
液晶电视,可回收垃圾
鸡精,湿垃圾
味精,湿垃圾
镜子,干垃圾
墨镜,干垃圾
眼镜,干垃圾
净水器,可回收垃圾
干净塑料,可回收垃圾
净水滤芯,干垃圾
韭菜,湿垃圾
针灸针,干垃圾
酒酿,湿垃圾
酒瓶,可回收垃圾
旧报,可回收垃圾
旧书,可回收垃圾
旧鞋,可回收垃圾
聚乙烯饭盒,干垃圾
收据,干垃圾
数据线,可回收垃圾
皮具,可回收垃圾
蛋卷,湿垃圾
胶卷,有害垃圾
卷烟,干垃圾
杀菌剂,有害垃圾
无菌包装塑料,干垃圾
卡,干垃圾
开心果,湿垃圾
开心果壳,湿垃圾
旧报刊,可回收垃圾
糠,湿垃圾
糠饼,湿垃圾
考卷,可回收垃圾
考试卷,可回收垃圾
烤箱,可回收垃圾
烧烤棒,干垃圾
靠垫,可回收垃圾
靠枕,可回收垃圾
笔壳,干垃圾
咳嗽糖浆,有害垃圾
可擦笔,干垃圾
扑克,可回收垃圾
马克笔,干垃圾
空罐头,可回收垃圾
空酒瓶,可回收垃圾
遥控车,可回收垃圾
遥控器,可回收垃圾
空调遥控器,可回收垃圾
口红,干垃圾
口罩,干垃圾
纽扣,干垃圾
钮扣,干垃圾
纽扣电池,有害垃圾
枯叶,湿垃圾
枯枝,湿垃圾
干枯花,湿垃圾
裤袜,可回收垃圾
裤子,可回收垃圾
铁块,可回收垃圾
筷子,干垃圾
木筷,可回收垃圾
竹筷,干垃圾
快餐盒,干垃圾
塑料筐,可回收垃圾
塑料篮筐,可回收垃圾
塑料水果筐,可回收垃圾
相框,可回收垃圾
黑框眼镜,干垃圾
矿水瓶,可回收垃圾
矿泉水瓶,可回收垃圾
矿泉水瓶子,可回收垃圾
头盔,干垃圾
葵花籽,湿垃圾
葵花子壳,湿垃圾
葵花籽壳,湿垃圾
死昆虫,湿垃圾
垃圾桶,可回收垃圾
拉链,干垃圾
拉拉裤,干垃圾
蜡笔,干垃圾
蜡纸,干垃圾
腊肉,湿垃圾
辣酱,湿垃圾
辣条,湿垃圾
剩莱,湿垃圾
一次性莱盒,干垃圾
自来水滤芯,干垃圾
蓝莓干,湿垃圾
塑胶菜蓝子,可回收垃圾
花篮,干垃圾
篮球,可回收垃圾
竹篮,干垃圾
西兰花,湿垃圾
电缆,可回收垃圾
烂桔,湿垃圾
烂桃,湿垃圾
烂菜叶,湿垃圾
槟榔,湿垃圾
榔头,可回收垃圾
槟榔壳,湿垃圾
老鼠药,有害垃圾
死老鼠,湿垃圾
奶酪,湿垃圾
可乐杯,干垃圾
可乐罐,可回收垃圾
肋骨,干垃圾
肋排,湿垃圾
布类,可回收垃圾
蛋类,湿垃圾
擦眼泪的纸,干垃圾
瓦楞纸,可回收垃圾
冷饮,干垃圾
冷饮棒,干垃圾
冷饮袋,干垃圾
车厘子,湿垃圾
梨,湿垃圾
离心纸,干垃圾
钢笔里的墨囊,干垃圾
纸制糖果礼盒,可回收垃圾
荔枝核,湿垃圾
荔枝壳,湿垃圾
荔枝干壳,湿垃圾
栗子,湿垃圾
板栗壳,湿垃圾
可丽饼,湿垃圾
麦丽素,湿垃圾
日历,可回收垃圾
台历,可回收垃圾
便利贴,干垃圾
乐利包,可回收垃圾
利乐包,可回收垃圾
果粒,湿垃圾
牛肉粒包装袋,干垃圾
沥水架,可回收垃圾
磁力片,干垃圾
魔力擦,干垃圾
巧克力,湿垃圾
琉璃,可回收垃圾
联通卡,干垃圾
莲藕,湿垃圾
莲蓬,湿垃圾
莲雾,湿垃圾
连裤袜,可回收垃圾
连衣裙,可回收垃圾
骨肉相连,湿垃圾
洗脸巾,干垃圾
护脸霜瓶,可回收垃圾
塑料脸盆,可回收垃圾
项链,可回收垃圾
金属拉链,可回收垃圾
练习本,可回收垃圾
狗粮,湿垃圾
粮食,湿垃圾
猫粮,湿垃圾
凉皮,湿垃圾
凉席,干垃圾
空调两用风扇,可回收垃圾
少量泥土,干垃圾
晾衣架,可回收垃圾
塑料晾衣架,可回收垃圾
坏了的碗,可回收垃圾
破了的碗,可回收垃圾
坏了的玩具,可回收垃圾
布料,可回收垃圾
盘尼西林,有害垃圾
鱼鳞,湿垃圾
鱼鳞鱼肠,湿垃圾
冰淇淋,湿垃圾
零食,湿垃圾
零食袋,干垃圾
零食罐,干垃圾
哑铃,可回收垃圾
马铃薯,湿垃圾
马铃薯片,湿垃圾
领带,可回收垃圾
红领巾,可回收垃圾
毛领子,可回收垃圾
溜溜球,干垃圾
榴莲干,湿垃圾
榴莲核,干垃圾
榴莲壳,干垃圾
镇流器,可回收垃圾
电子镇流器,可回收垃圾
龙虾,湿垃圾
大龙虾,湿垃圾
龙虾壳,湿垃圾
鸟笼,干垃圾
芦荟,湿垃圾
芦稷,湿垃圾
芦稷皮,干垃圾
甜卢蜀,湿垃圾
炉渣,干垃圾
电磁炉,可回收垃圾
电暖炉,可回收垃圾
卤素灯,有害垃圾
卤素灯泡,有害垃圾
花露水瓶,可回收垃圾
沐浴露瓶,可回收垃圾
洗发露瓶,可回收垃圾
电路板,可回收垃圾
路由器,可回收垃圾
线路板,可回收垃圾
录像带,有害垃圾
录音机,可回收垃圾
铝,可回收垃圾
旅行袋,可回收垃圾
旅游时报,可回收垃圾
滤网,干垃圾
滤芯,干垃圾
绿豆,湿垃圾
绿萝,湿垃圾
海螺,干垃圾
花螺,干垃圾
螺帽,可回收垃圾
绿箩,湿垃圾
落发,干垃圾
落叶,湿垃圾
落花生,湿垃圾
姨妈巾,干垃圾
老干妈辣酱,湿垃圾
麻布,可回收垃圾
麻袋,干垃圾
麻绳,干垃圾
密码锁,可回收垃圾
马肉,湿垃圾
买菜的包装袋,干垃圾
麦子,湿垃圾
烧卖,湿垃圾
外卖盒,干垃圾
外卖餐盒,干垃圾
馒头,湿垃圾
蔓藤,湿垃圾
藤蔓,湿垃圾
漫画,可回收垃圾
漫画书,可回收垃圾
芒果,湿垃圾
芒果干,湿垃圾
芒果核,湿垃圾
貂毛,干垃圾
狗毛,干垃圾
帽子,可回收垃圾
浴帽,干垃圾
泡沫箱属于什么垃圾,可回收垃圾
杨梅,湿垃圾
发霉食物,湿垃圾
煤饼,干垃圾
煤灰,干垃圾
煤渣,干垃圾
没用过尿片,干垃圾
没用过的纸杯,干垃圾
没用过的尿不湿,干垃圾
眉笔,干垃圾
美瞳,干垃圾
门锁,可回收垃圾
柠檬,湿垃圾
米,湿垃圾
大米,湿垃圾
菠萝蜜,湿垃圾
棉,可回收垃圾
海绵,干垃圾
海绵垫,干垃圾
海绵纸,干垃圾
面,湿垃圾
面包,湿垃圾
灭火器,可回收垃圾
灭蚊剂,有害垃圾
废灭火器,可回收垃圾
玻璃器皿,可回收垃圾
明信片,干垃圾
三明治,湿垃圾
说明书,可回收垃圾
名画,干垃圾
名片,可回收垃圾
塑料模型,可回收垃圾
面膜,干垃圾
磨刀器,可回收垃圾
磨砂膏,干垃圾
摩丝,干垃圾
摩易擦,干垃圾
魔笔,干垃圾
抹布,干垃圾
废抹布,干垃圾
旧抹布,干垃圾
速溶饮料粉末,湿垃圾
墨粉,干垃圾
墨盒,可回收垃圾
默写本,可回收垃圾
泡沫,可回收垃圾
肉沫,湿垃圾
泡沫板,可回收垃圾
牡蛎壳,干垃圾
牡蛎肉,湿垃圾
吃剩下的牡蛎壳,干垃圾
屏幕,可回收垃圾
荧幕,可回收垃圾
电脑屏幕,可回收垃圾
树叶是那种垃圾,湿垃圾
收纳箱,可回收垃圾
塑料收纳盒,可回收垃圾
奶粉,湿垃圾
奶盒,可回收垃圾
南瓜,湿垃圾
南瓜皮,湿垃圾
南瓜子壳,湿垃圾
笔囊,干垃圾
胶囊,有害垃圾
墨囊,干垃圾
电脑,可回收垃圾
猪脑,湿垃圾
电脑包,可回收垃圾
闹钟,可回收垃圾
内裤,干垃圾
内衣,干垃圾
内脏,湿垃圾
花泥,干垃圾
尼龙绳,干垃圾
尼龙丝袜,干垃圾
尼龙制品,干垃圾
油腻的餐巾纸,干垃圾
年糕,湿垃圾
少年报,可回收垃圾
尿布,干垃圾
尿垫,干垃圾
尿裤,干垃圾
镍镉电池,有害垃圾
牛,湿垃圾
塑料纽扣,可回收垃圾
农药片,有害垃圾
圣女果,湿垃圾
女生内衣,干垃圾
女性卫生用品,干垃圾
暖瓶,可回收垃圾
保暖瓶,可回收垃圾
呕吐包,干垃圾
呕吐物,湿垃圾
布偶,可回收垃圾
玩偶,可回收垃圾
布玩偶,可回收垃圾
手帕,干垃圾
电蚊拍,可回收垃圾
大排,湿垃圾
鸡排,湿垃圾
铜牌,可回收垃圾
菠萝派,湿垃圾
U盘,可回收垃圾
乒乓板,干垃圾
乒乓球,可回收垃圾
日抛美瞳,干垃圾
灯炮,有害垃圾
泡面,湿垃圾
泡馍,湿垃圾
水培植物,湿垃圾
电脑配件,可回收垃圾
铝喷雾瓶,可回收垃圾
喷蟑螂瓶,有害垃圾
杀虫喷雾,有害垃圾
花盆,干垃圾
铝盆,可回收垃圾
盆栽,湿垃圾
帐篷,大件垃圾
膨化食品,湿垃圾
膨化食品包装,干垃圾
披萨,湿垃圾
雨披,干垃圾
披萨盒,干垃圾
啤酒盖,可回收垃圾
啤酒罐,可回收垃圾
啤酒瓶,可回收垃圾
菜皮,湿垃圾
草皮,湿垃圾
漂白粉,干垃圾
漂白剂罐,有害垃圾
票,干垃圾
食品,湿垃圾
饰品,干垃圾
药品,有害垃圾
苹果,湿垃圾
烂苹果,湿垃圾
苹果核,湿垃圾
平底锅,可回收垃圾
平板玻璃,可回收垃圾
平板电脑,可回收垃圾
电瓶,可回收垃圾
破布,可回收垃圾
破碗,干垃圾
破瓷品,干垃圾
扑克牌,可回收垃圾
猪肉铺,湿垃圾
葡萄,湿垃圾
葡萄皮,湿垃圾
普通塑料袋,干垃圾
过期药,有害垃圾
过期饼干,湿垃圾
漆桶,有害垃圾
油漆,有害垃圾
废油漆,有害垃圾
其他垃圾桶,可回收垃圾
象棋,干垃圾
曲奇,湿垃圾
吃过的奇趣蛋,干垃圾
电器,可回收垃圾
陶器,干垃圾
气球,干垃圾
充气娃,可回收垃圾
煤气罐,可回收垃圾
废弃布包,可回收垃圾
废弃地毯,可回收垃圾
废弃电线,可回收垃圾
铅笔,干垃圾
铅桶,可回收垃圾
铅芯,干垃圾
棉签,干垃圾
指甲钳,可回收垃圾
金枪鱼罐头,可回收垃圾
墙刷,干垃圾
一块墙皮,干垃圾
强化玻璃,可回收垃圾
敲碎的碗,干垃圾
巧克力袋子,干垃圾
巧克力盒子,干垃圾
茄子,湿垃圾
电子琴,可回收垃圾
芹菜,湿垃圾
芹菜叶,湿垃圾
家禽内脏,湿垃圾
青菜,湿垃圾
氢气罐,可回收垃圾
氢气球,干垃圾
氢气球充气钢瓶,可回收垃圾
滤清器,干垃圾
汽车空气滤清器,可回收垃圾
情趣内衣,干垃圾
琼脂,湿垃圾
营养琼脂,湿垃圾
秋衣,可回收垃圾
棉球,干垃圾
皮球,可回收垃圾
驱蚊瓶,可回收垃圾
发圈,干垃圾
铁圈,可回收垃圾
甜甜圈,湿垃圾
围裙,可回收垃圾
燃油罐,可回收垃圾
染发剂罐,有害垃圾
染发剂壳,有害垃圾
污染报纸,干垃圾
丝瓜瓤,湿垃圾
电热毯,可回收垃圾
退热贴,干垃圾
电热水袋,可回收垃圾
杏仁,湿垃圾
瓜子仁,湿垃圾
虾仁壳,湿垃圾
无人机,可回收垃圾
仙人球,湿垃圾
日报,可回收垃圾
日光灯,有害垃圾
有机溶剂,有害垃圾
速溶咖啡包装,干垃圾
电容器,可回收垃圾
美容仪,可回收垃圾
玻璃制容器,可回收垃圾
绒娃娃,可回收垃圾
绒线衣,可回收垃圾
羽绒被,可回收垃圾
棉柔巾,干垃圾
肉,湿垃圾
大骨（如：猪腿骨）,干垃圾
乳牙,干垃圾
豆腐乳,湿垃圾
沐浴乳,干垃圾
入厕用纸,干垃圾
软骨,湿垃圾
软盘,干垃圾
软糖,湿垃圾
润发乳,干垃圾
花洒,可回收垃圾
披萨饼盒,干垃圾
木塞,干垃圾
软木塞,干垃圾
酒瓶塞子,干垃圾
三杯鸡,湿垃圾
三文鱼,湿垃圾
伞,干垃圾
雨伞,干垃圾
旧雨伞,干垃圾
散粉,干垃圾
桑叶,湿垃圾
扫帚,干垃圾
扫地机,可回收垃圾
彩色笔,干垃圾
标签色带,干垃圾
彩色玻璃,可回收垃圾
猫砂,干垃圾
砂锅,干垃圾
砂皮,干垃圾
杀虫剂,有害垃圾
猫沙,干垃圾
纱布,干垃圾
纱窗,干垃圾
防晒霜,干垃圾
防晒霜罐,可回收垃圾
山芋,湿垃圾
山竹,湿垃圾
羊毛衫,可回收垃圾
电扇,可回收垃圾
烫伤膏,有害垃圾
纸质商标,干垃圾
上衣,可回收垃圾
床上用品,可回收垃圾
烧鸡,湿垃圾
红烧肉,湿垃圾
勺子,可回收垃圾
塑料勺,干垃圾
蛇皮袋,干垃圾
摄像机,可回收垃圾
摄像头,可回收垃圾
注射器,干垃圾
无菌注射器包装,干垃圾
养身壶,可回收垃圾
花生,湿垃圾
生菜,湿垃圾
生蚝,干垃圾
棉绳,干垃圾
绳子,可回收垃圾
盛装湿垃圾的垃圾袋,干垃圾
剩菜,湿垃圾
剩餐,湿垃圾
剩饭,湿垃圾
螺狮,湿垃圾
螺狮壳,湿垃圾
施工安全帽,可回收垃圾
湿纸,干垃圾
使用的餐巾纸,干垃圾
使用过的餐盒,干垃圾
使用过的猫砂,干垃圾
废台式机,可回收垃圾
硬式磁碟机,可回收垃圾
显示器,可回收垃圾
显示屏幕,可回收垃圾
芝士,湿垃圾
芝士片,湿垃圾
西红柿,湿垃圾
乐事薯片,湿垃圾
擦拭过的餐巾纸,干垃圾
油漆稀释剂,有害垃圾
电视,可回收垃圾
电视机,可回收垃圾
废电视,可回收垃圾
试卷,可回收垃圾
试纸,干垃圾
寿司,湿垃圾
受污纸巾,干垃圾
受潮的纸张,可回收垃圾
受过污染的纸,干垃圾
蔬菜,湿垃圾
蔬果,湿垃圾
烂蔬菜,湿垃圾
木梳,可回收垃圾
梳子,干垃圾
木梳子,可回收垃圾
书,可回收垃圾
熟菜,湿垃圾
熟鸡蛋,湿垃圾
熟虾壳,湿垃圾
薯片,湿垃圾
甜芦黍,湿垃圾
废金属,可回收垃圾
金属罐,可回收垃圾
美术袋,干垃圾
美术黏土,干垃圾
树皮,湿垃圾
数学书,可回收垃圾
漱口水瓶子,可回收垃圾
牙刷,干垃圾
化妆刷,干垃圾
面霜,干垃圾
眼霜,干垃圾
双面胶,干垃圾
双面胶带,干垃圾
爽肤水瓶,可回收垃圾
胶水,干垃圾
水笔,干垃圾
水彩,干垃圾
纸质说明书,可回收垃圾
瓦斯桶,可回收垃圾
手撕猪肉,湿垃圾
钢丝,可回收垃圾
死花,湿垃圾
饲料,湿垃圾
猫饲料,湿垃圾
饲料袋,干垃圾
松子,湿垃圾
松子壳,湿垃圾
松木猫砂,干垃圾
素菜,湿垃圾
快速面盒,干垃圾
速冻饺子,湿垃圾
速冻水饺,湿垃圾
粟子壳,湿垃圾
甜芦粟,湿垃圾
甜芦粟皮,干垃圾
塑料,可回收垃圾
废塑料,可回收垃圾
酸奶袋,干垃圾
酸奶盖,干垃圾
蒜,湿垃圾
大蒜,湿垃圾
废弃计算机,可回收垃圾
碎布,可回收垃圾
碎瓷,干垃圾
碎骨,湿垃圾
玉米穗,湿垃圾
破损瓷器,干垃圾
污损纸张,干垃圾
破损垃圾袋,干垃圾
笋壳,湿垃圾
笋皮,湿垃圾
竹笋,湿垃圾
梭子蟹,湿垃圾
压缩瓶,可回收垃圾
锁,可回收垃圾
锁头,可回收垃圾
厕所手纸,干垃圾
蛋挞,湿垃圾
蛋挞壳,干垃圾
蛋挞皮,湿垃圾
废踏垫,干垃圾
脚踏板,干垃圾
海苔,湿垃圾
海苔袋子,干垃圾
台灯,可回收垃圾
印台,干垃圾
太阳帽,可回收垃圾
太阳能热水管,可回收垃圾
太阳能热水器,可回收垃圾
痰盂罐,可回收垃圾
毛毯,可回收垃圾
碳灰,干垃圾
碳粉匣,可回收垃圾
碳纤维,干垃圾
木炭,干垃圾
炭包,干垃圾
汤骨,干垃圾
鱼汤,湿垃圾
火锅汤底,湿垃圾
搪瓷,可回收垃圾
搪瓷杯,干垃圾
搪瓷碗,可回收垃圾
糖,湿垃圾
红糖,湿垃圾
麻辣烫,湿垃圾
黄桃,湿垃圾
桃板,湿垃圾
淘宝纸盒,可回收垃圾
碎陶,干垃圾
陶瓷,干垃圾
笔套,干垃圾
耳套,可回收垃圾
藤席,干垃圾
旧手提包,可回收垃圾
手提电脑,可回收垃圾
蹄髈,湿垃圾
猪蹄,湿垃圾
擦鼻涕纸,干垃圾
剃须刀,可回收垃圾
剃须刀片,可回收垃圾
剃须泡瓶,可回收垃圾
泡沫填充,干垃圾
田螺,湿垃圾
甜瓜,湿垃圾
布条,可回收垃圾
面条,湿垃圾
跳蛋,干垃圾
跳跳糖包装袋,干垃圾
贴纸,干垃圾
铁,可回收垃圾
暖宝宝帖,干垃圾
餐厅纸,干垃圾
家庭花卉,湿垃圾
家庭绿化,湿垃圾
家庭盆栽树叶,湿垃圾
铜皮,可回收垃圾
废铜烂铁,可回收垃圾
儿童尿不湿,干垃圾
儿童电动玩具,可回收垃圾
木桶,可回收垃圾
筒骨,干垃圾
针筒,有害垃圾
骨头,干垃圾
透明胶,干垃圾
透明胶带,干垃圾
一次性透明盒子,干垃圾
地图,可回收垃圾
图画,干垃圾
涂料,有害垃圾
涂料桶,有害垃圾
屠龙刀,可回收垃圾
土豆,湿垃圾
兔肉,湿垃圾
兔头,湿垃圾
饭团,湿垃圾
线团,干垃圾
纸团,干垃圾
火腿,湿垃圾
鸡腿,湿垃圾
腿骨,干垃圾
拖鞋,干垃圾
蛋挞托,干垃圾
食物托盘,可回收垃圾
塑料托盘,可回收垃圾
脱水机,可回收垃圾
脱氧剂,干垃圾
食品用脱氧剂,干垃圾
牛蛙,湿垃圾
牛蛙骨头,湿垃圾
布娃娃,可回收垃圾
棉袜,可回收垃圾
丝袜,干垃圾
外套,可回收垃圾
水笔外壳,干垃圾
豌豆壳,湿垃圾
豌豆殼,湿垃圾
玩具,可回收垃圾
药丸,有害垃圾
蟑螂丸,有害垃圾
擦完嘴的纸,干垃圾
碗,干垃圾
茶碗,干垃圾
万能胶水,干垃圾
网线,可回收垃圾
鱼网,干垃圾
望远镜,可回收垃圾
夏威夷果,干垃圾
夏威夷果壳,干垃圾
夏威夷果的壳,干垃圾
围巾,可回收垃圾
华为P20,可回收垃圾
维生素,有害垃圾
人造纤维,干垃圾
芦苇叶,干垃圾
枯萎的花,湿垃圾
枯萎的鲜花,湿垃圾
牛尾,湿垃圾
燕尾夹,可回收垃圾
长尾夹,可回收垃圾
未使用的餐巾纸,干垃圾
调味袋,干垃圾
调味料,湿垃圾
自慰棒,可回收垃圾
自慰器,可回收垃圾
卫衣,可回收垃圾
卫生巾,干垃圾
保温杯,可回收垃圾
保温棉,干垃圾
保温瓶,可回收垃圾
蚊香,干垃圾
蚊帐,可回收垃圾
蚊子,湿垃圾
文胸,干垃圾
文竹,湿垃圾
公文包,可回收垃圾
蜗牛壳,干垃圾
燕窝,湿垃圾
钨丝,可回收垃圾
钨丝灯泡,有害垃圾
污水袋,干垃圾
油污布,干垃圾
无纺布,干垃圾
无纺布袋,可回收垃圾
午饭,湿垃圾
午餐肉,湿垃圾
午餐肉罐,可回收垃圾
西瓜,湿垃圾
西药,有害垃圾
西柚,湿垃圾
吸尘器,可回收垃圾
稀饭,湿垃圾
草席,干垃圾
洗发精,干垃圾
洗发水,干垃圾
游戏机,可回收垃圾
虾,湿垃圾
虾壳,湿垃圾
吃剩下的葡萄杆,湿垃圾
仙人掌,湿垃圾
海鲜,湿垃圾
鲜花,湿垃圾
保鲜袋,干垃圾
化纤衣物,可回收垃圾
咸菜,湿垃圾
咸鱼,湿垃圾
咸鸭蛋壳,湿垃圾
显卡,可回收垃圾
保险套,干垃圾
保险箱,可回收垃圾
线,干垃圾
电线,可回收垃圾
相机,可回收垃圾
茴香,湿垃圾
冰箱,可回收垃圾
机箱,可回收垃圾
墨襄,干垃圾
音响,可回收垃圾
电脑小音响,可回收垃圾
橡胶,干垃圾
橡皮,干垃圾
废橡胶,干垃圾
象牙,干垃圾
小刀,可回收垃圾
小骨,湿垃圾
羊蝎子,干垃圾
羊蝎子骨头,干垃圾
鞋,可回收垃圾
布鞋,可回收垃圾
写字纸,可回收垃圾
机械表,可回收垃圾
卸妆巾,干垃圾
卸妆棉,干垃圾
卸妆油,干垃圾
蟹,湿垃圾
螃蟹,湿垃圾
青蟹,湿垃圾
笔屑,干垃圾
木屑,干垃圾
皮屑,干垃圾
笔芯,干垃圾
玉米心,湿垃圾
信封带,可回收垃圾
星巴克纸杯,干垃圾
U型回形针,干垃圾
隐形眼镜,干垃圾
银行卡,可回收垃圾
杏仁壳,湿垃圾
水性笔,干垃圾
水性漆,有害垃圾
鸡胸,湿垃圾
胸罩,干垃圾
修正带,干垃圾
小修正带,干垃圾
不锈钢刀,可回收垃圾
不锈钢杯子,可回收垃圾
绣花针,干垃圾
胡须刀,可回收垃圾
旧棉絮,可回收垃圾
宣纸,干垃圾
宣传单,可回收垃圾
皮靴,可回收垃圾
雨靴,可回收垃圾
化学试剂包装玻璃瓶,有害垃圾
雪糕棒,干垃圾
雪糕纸,干垃圾
鸭血,湿垃圾
血压计,可回收垃圾
压力罐,可回收垃圾
压力锅,可回收垃圾
鸭,湿垃圾
鸭骨,湿垃圾
绿豆芽,湿垃圾
牙,干垃圾
雅漾喷雾,干垃圾
亚克力,可回收垃圾
亚克力板,可回收垃圾
亚克力胶水,干垃圾
香烟,干垃圾
盐,湿垃圾
污染严重的纸,干垃圾
污染严重的纸盒,干垃圾
污染严重的纸张,干垃圾
颜料,干垃圾
颜料板,干垃圾
颜料笔,干垃圾
过期的燕麦片,湿垃圾
验孕棒,干垃圾
羊骨,干垃圾
羊毛,可回收垃圾
洋装,可回收垃圾
海洋球,可回收垃圾
遮阳帽,可回收垃圾
除氧剂,干垃圾
环氧树脂,干垃圾
养生壶,可回收垃圾
家养绿植,湿垃圾
腰带,可回收垃圾
腰果,湿垃圾
高裤腰带,干垃圾
咬过的口香糖,干垃圾
草药,湿垃圾
废药,有害垃圾
青椰,干垃圾
椰壳,干垃圾
椰子,干垃圾
宣传页,可回收垃圾
广告单页,可回收垃圾
作业本,可回收垃圾
叶,湿垃圾
菜叶,湿垃圾
隔夜饭,湿垃圾
乳液罐,可回收垃圾
乳液瓶,可回收垃圾
医用冰袋,干垃圾
大衣,可回收垃圾
移动电源,可回收垃圾
移动硬盘,可回收垃圾
行车记录仪,可回收垃圾
易拉宝,可回收垃圾
易拉罐,可回收垃圾
音箱,可回收垃圾
旧音箱,可回收垃圾
水银,有害垃圾
收银条,可回收垃圾
隐形眼镜片,干垃圾
过期隐形眼镜,干垃圾
印泥,干垃圾
打印机,可回收垃圾
英语书,可回收垃圾
樱花,湿垃圾
樱桃,湿垃圾
樱桃核,湿垃圾
婴儿尿不湿,干垃圾
婴儿纸尿裤,干垃圾
萤石,干垃圾
荧光棒,干垃圾
荧光笔,干垃圾
眼影,干垃圾
电影票,可回收垃圾
影印纸,可回收垃圾
硬盘,可回收垃圾
硬板纸,可回收垃圾
硬贝壳,干垃圾
游泳裤,可回收垃圾
信用卡,可回收垃圾
包装用纸,可回收垃圾
厕所用纸,干垃圾
优盘,可回收垃圾
无线路由器,可回收垃圾
黄油,湿垃圾
有机玻璃,可回收垃圾
婴幼儿尿布,干垃圾
旧衣服属于,可回收垃圾
厨余果皮,湿垃圾
厨余垃圾,湿垃圾
鱼,湿垃圾
黄鱼,湿垃圾
雨鞋,可回收垃圾
语文书,可回收垃圾
羽毛,干垃圾
羽毛球,干垃圾
玉,干垃圾
玉米,湿垃圾
玉镯,可回收垃圾
芋艿,湿垃圾
芋头,湿垃圾
浴巾,干垃圾
金属元件,可回收垃圾
原味鸡,湿垃圾
原珠笔,干垃圾
原子笔,干垃圾
芋圆,湿垃圾
电源器,可回收垃圾
电源线,可回收垃圾
月饼,湿垃圾
月饼盒,可回收垃圾
运动服,可回收垃圾
运动鞋,可回收垃圾
旧运动鞋,可回收垃圾
牛杂,湿垃圾
杂草,湿垃圾
杂志,可回收垃圾
盆栽树叶,湿垃圾
盆栽植物,湿垃圾
再生纸,可回收垃圾
脏布,干垃圾
鱼内脏,湿垃圾
枣,湿垃圾
红枣,湿垃圾
枣核,湿垃圾
洗澡掉的头发,干垃圾
人造玻璃,可回收垃圾
人造奶油,湿垃圾
香皂,干垃圾
碎小肥皂,干垃圾
干燥剂,干垃圾
包装干燥剂,干垃圾
石灰干燥剂,干垃圾
扎带,干垃圾
粽子 包扎线,干垃圾
菜渣,湿垃圾
茶渣,湿垃圾
豆渣,湿垃圾
大闸蟹,湿垃圾
大闸蟹壳,湿垃圾
炸鸡,湿垃圾
粘纸,干垃圾
粘鼠板,干垃圾
沾有墨水的纸,干垃圾
沾了油污的报纸,可回收垃圾
沾了菜油的餐巾纸,可回收垃圾
蘸酱,湿垃圾
蘸酱盒,干垃圾
火锅蘸酱,湿垃圾
图章,干垃圾
章鱼,湿垃圾
纸张,可回收垃圾
废纸张,可回收垃圾
纸张类,可回收垃圾
擀面杖,可回收垃圾
账单,可回收垃圾
照片,有害垃圾
旧照片,有害垃圾
照片纸,有害垃圾
床罩,可回收垃圾
奶罩,干垃圾
折扇,干垃圾
蔗糖,湿垃圾
珍珠,可回收垃圾
黑珍猪,湿垃圾
珍珠米,湿垃圾
真空袋,干垃圾
砧板,可回收垃圾
木砧板,可回收垃圾
针,干垃圾
针管,有害垃圾
枕套,可回收垃圾
震动棒,可回收垃圾
蒸汽眼罩,干垃圾
修正带内芯,干垃圾
证书,可回收垃圾
芝麻,湿垃圾
树枝,干垃圾
蜘蛛,湿垃圾
树脂,有害垃圾
油脂,干垃圾
饭汁,湿垃圾
蟹汁,湿垃圾
织物,干垃圾
直尺,干垃圾
废直式日光灯管,有害垃圾
绿植,湿垃圾
植物,湿垃圾
废植物,湿垃圾
指甲,干垃圾
脚指甲,干垃圾
手指甲脚趾甲,干垃圾
纸,可回收垃圾
瓷制品,干垃圾
铝制品,可回收垃圾
木制品,可回收垃圾
木质菜板,可回收垃圾
三明治包装,干垃圾
中药,湿垃圾
中草药,湿垃圾
钟,干垃圾
粥,湿垃圾
圆珠笔,干垃圾
猪,湿垃圾
毛竹,干垃圾
蜡烛,干垃圾
生日蜡烛,干垃圾
白煮蛋壳,湿垃圾
水煮肉片,湿垃圾
煮花生壳,湿垃圾
主板,可回收垃圾
主机板,可回收垃圾
电路主板,可回收垃圾
鸡爪,湿垃圾
猪爪骨头,湿垃圾
西装,可回收垃圾
彩妆,干垃圾
化妆棉,干垃圾
防撞塑料,干垃圾
塑胶制资料夹,可回收垃圾
紫菜,湿垃圾
紫砂茶具,干垃圾
紫砂碎片,干垃圾
牛仔裤,可回收垃圾
葡萄籽,湿垃圾
西瓜籽,湿垃圾
被子,可回收垃圾
自动铅,干垃圾
自暖包,干垃圾
油渍的报纸,干垃圾
有污渍的餐盒,干垃圾
签字笔,干垃圾
棕叶,干垃圾
棕子皮,干垃圾
棕子叶,干垃圾
走油肉,湿垃圾
足球,可回收垃圾
电钻,可回收垃圾
钻笔,干垃圾
钻石,可回收垃圾
香烟过滤嘴,干垃圾
作文书,可回收垃圾
竹坐垫,干垃圾
led灯,有害垃圾
PET瓶,可回收垃圾
LED灯泡,有害垃圾
kt板,可回收垃圾
cpu,可回收垃圾
ipad,可回收垃圾
kindle,可回收垃圾
PIZZA盒,干垃圾
xbox,可回收垃圾
iphone x,可回收垃圾
IPHONE手机,可回收垃圾
pp管,可回收垃圾
A4纸,可回收垃圾
cd,可回收垃圾
CD机,可回收垃圾
KINDLE壳,干垃圾
zippo打火机,干垃圾
x光片,有害垃圾
x光胶片,有害垃圾
PVC瓶,可回收垃圾
剩菜剩饭,湿垃圾
食物残渣,湿垃圾
肉类,湿垃圾
鱼虾,湿垃圾
蛋壳,湿垃圾
鱼骨头,湿垃圾
肉骨头,湿垃圾
果皮,湿垃圾
树叶,湿垃圾
瓜子壳,湿垃圾
花生壳,湿垃圾
藜麦,湿垃圾
鸡骨头,湿垃圾
鸭骨头,湿垃圾
鹅骨头,湿垃圾
草莓叶,湿垃圾
米饭,湿垃圾
豌豆皮,湿垃圾
韩国泡菜,湿垃圾
普洱茶,湿垃圾
残枝落叶,湿垃圾
植物枝干,湿垃圾
杂菜,湿垃圾
动物尸体,湿垃圾
牲畜粪便,湿垃圾
橘子皮,湿垃圾
香蕉皮,湿垃圾
苹果皮,湿垃圾
西瓜皮,湿垃圾
芒果皮,湿垃圾
山竹壳,湿垃圾
洋葱皮,湿垃圾
中药渣,湿垃圾
宠物饲料,湿垃圾
矿物猫砂,湿垃圾
食用油,湿垃圾
动物粪便,湿垃圾
牛排,湿垃圾
喜糖,湿垃圾
咖啡残渣,湿垃圾
大白菜,湿垃圾
粽子馅,湿垃圾
宠物粪便,湿垃圾
猫屎,湿垃圾
咖啡渣,湿垃圾
鲜花瓣,湿垃圾
豆腐猫砂,湿垃圾
冬枣,湿垃圾
大蒜叶,湿垃圾
杏核,湿垃圾
纸质吸管,湿垃圾
茶叶渣,湿垃圾
小龙虾壳,湿垃圾
榴莲酥,湿垃圾
榴莲肉,湿垃圾
枇杷核,湿垃圾
百香果壳,湿垃圾
食品添加剂,湿垃圾
豆制品,湿垃圾
动物内脏,湿垃圾
脆枣,湿垃圾
废弃食用油,湿垃圾
废弃调味品,湿垃圾
糖果,湿垃圾
水蜜桃肉,湿垃圾
火龙果,湿垃圾
火锅底料,湿垃圾
螺蛳肉,湿垃圾
排骨,湿垃圾
蒜皮,湿垃圾
叉烧酥,湿垃圾
菠萝皮,湿垃圾
南瓜籽,湿垃圾
香瓜子,湿垃圾
青椒,湿垃圾
蒜头,湿垃圾
毛豆壳,湿垃圾
鸡肉,湿垃圾
鸭掌,湿垃圾
鱼肉,湿垃圾
荔枝皮,湿垃圾
方便面面条,湿垃圾
螺蛳壳,湿垃圾
牛油果核,湿垃圾
老鼠,湿垃圾
包裹着猫屎的豆腐猫砂,湿垃圾
茭白,湿垃圾
茭白叶,湿垃圾
葡萄干,湿垃圾
火龙果皮,湿垃圾
椰肉,湿垃圾
苹果肉,湿垃圾
香瓜皮,湿垃圾
扁豆,湿垃圾
玉米须,湿垃圾
兔子粪便,湿垃圾
螃蟹壳,湿垃圾
吸管纸质包装,湿垃圾
西餐糕点,湿垃圾
鸡脚爪,湿垃圾
鸭爪,湿垃圾
山楂,湿垃圾
鸭翅,湿垃圾
扇贝肉,湿垃圾
火锅渣,湿垃圾
布丁,湿垃圾
奶茶中的珍珠,湿垃圾
燕麦,湿垃圾
薯格,湿垃圾
甜品,湿垃圾
水果,湿垃圾
枯树叶,湿垃圾
蔬菜残余,湿垃圾
西兰花梗,湿垃圾
桃子,湿垃圾
压缩饼干,湿垃圾
花生衣,湿垃圾
结团猫砂,湿垃圾
红豆,湿垃圾
熟鸡蛋壳,湿垃圾
蟑螂,湿垃圾
西瓜子,湿垃圾
鸡屎,湿垃圾
盒饭,湿垃圾
奶油,湿垃圾
豆芽,湿垃圾
杏仁饼,湿垃圾
猫屎咖啡,湿垃圾
水果干,湿垃圾
鸭腿,湿垃圾
车厘子核,湿垃圾
平菇,湿垃圾
金针菇,湿垃圾
茨菇,湿垃圾
藕片,湿垃圾
葡萄梗,湿垃圾
咖啡豆,湿垃圾
丝瓜皮,湿垃圾
烂水果,湿垃圾
鸡皮,湿垃圾
海瓜子壳,湿垃圾
桂皮,湿垃圾
鸡蛋仔,湿垃圾
螺蛳,湿垃圾
猪蹄骨,湿垃圾
过期大米,湿垃圾
过期糖,湿垃圾
过期巧克力,湿垃圾
巧克力酱,湿垃圾
李子,湿垃圾
鸟粪,湿垃圾
栗子壳,湿垃圾
核桃肉,湿垃圾
李子核,湿垃圾
薯条,湿垃圾
柠檬皮,湿垃圾
柚子皮,湿垃圾
蛋白,湿垃圾
干果仁,湿垃圾
橄榄核,湿垃圾
姜糖,湿垃圾
瓜子皮,湿垃圾
玉米棒,湿垃圾
过期食品,湿垃圾
虾头,湿垃圾
牛蛙骨,湿垃圾
杨梅核,湿垃圾
过期调味料,湿垃圾
孜然粉,湿垃圾
蜂蜜,湿垃圾
红豆糕,湿垃圾
叉烧,湿垃圾
菠萝包,湿垃圾
干面条,湿垃圾
干脆面,湿垃圾
出前一丁面条,湿垃圾
多宝鱼骨头,湿垃圾
草本植物,湿垃圾
小核桃肉,湿垃圾
凋谢的鲜花,湿垃圾
咖啡豆渣,湿垃圾
蚌肉,湿垃圾
盐水花生,湿垃圾
盐水花生壳,湿垃圾
豆浆渣,湿垃圾
红枣核,湿垃圾
枣子核,湿垃圾
面粉,湿垃圾
咖啡粉,湿垃圾
桔子皮,湿垃圾
橘子,湿垃圾
牛油果皮,湿垃圾
油桃肉,湿垃圾
水蜜桃,湿垃圾
樱桃干,湿垃圾
龙虾片,湿垃圾
土豆泥,湿垃圾
废弃植物,湿垃圾
玉米猫砂,湿垃圾
油烟机油脂,湿垃圾
油条,湿垃圾
紫薯皮,湿垃圾
燕麦片,湿垃圾
小米,湿垃圾
糯米,湿垃圾
白糖,湿垃圾
榨菜,湿垃圾
油桃核,湿垃圾
酸豆角,湿垃圾
牛肉,湿垃圾
鸭肉,湿垃圾
话梅肉,湿垃圾
鱼皮花生,湿垃圾
咸蛋黄,湿垃圾
冬瓜皮,湿垃圾
咖啡伴侣粉,湿垃圾
苦瓜,湿垃圾
小龙虾头,湿垃圾
石榴,湿垃圾
石榴籽,湿垃圾
叫化鸡,湿垃圾
干辣椒,湿垃圾
山药,湿垃圾
土豆皮,湿垃圾
炒花生米,湿垃圾
蟹肉,湿垃圾
虾肉,湿垃圾
速冻馄饨,湿垃圾
棒棒糖,湿垃圾
蛤肉,湿垃圾
小龙虾肉,湿垃圾
蚕豆,湿垃圾
樱桃梗,湿垃圾
水果皮,湿垃圾
皮蛋,湿垃圾
咸蛋,湿垃圾
奇异果,湿垃圾
花甲壳,干垃圾
海底捞锅底,湿垃圾
牛肉干,湿垃圾
椰果,湿垃圾
鸭下巴,湿垃圾
芝麻酱,湿垃圾
花生酱,湿垃圾
小龙虾黄,湿垃圾
肯德基炸鸡,湿垃圾
麦当劳炸鸡,湿垃圾
面饼,湿垃圾
鸡蛋饼,湿垃圾
煎饼,湿垃圾
哈密瓜,湿垃圾
哈密瓜籽,湿垃圾
干树叶,湿垃圾
绿豆糕,湿垃圾
乒乓糯米糍,湿垃圾
杏仁核,湿垃圾
黄杏核,湿垃圾
茶叶,湿垃圾
铁观音,湿垃圾
乌龙茶,湿垃圾
白茶,湿垃圾
桔普茶,湿垃圾
水草,湿垃圾
海藻,湿垃圾
水果软核,湿垃圾
咖喱粉,湿垃圾
瓜子,湿垃圾
大蒜皮,湿垃圾
扇贝壳,湿垃圾
咸蛋壳,湿垃圾
鸭蛋壳,湿垃圾
凤梨皮,湿垃圾
面包屑,湿垃圾
小龙虾,湿垃圾
香榧子壳,湿垃圾
鸡蛋皮,湿垃圾
凤梨酥,湿垃圾
苹果派,湿垃圾
玉米芯,湿垃圾
黄瓜皮,湿垃圾
橙子皮,湿垃圾
生鸡蛋壳,湿垃圾
花茶渣,湿垃圾
荷叶,湿垃圾
柚子核,湿垃圾
青蟹壳,湿垃圾
山楂片,湿垃圾
红辣椒,湿垃圾
巧克力粉,湿垃圾
鸭架,湿垃圾
白砂糖,湿垃圾
鸽粪,湿垃圾
桃子皮,湿垃圾
桂圆干,湿垃圾
中草药材,湿垃圾
梭子蟹壳,湿垃圾
河虾,湿垃圾
白米虾,湿垃圾
象鼻蚌,湿垃圾
水蜜桃核,湿垃圾
糯米纸,湿垃圾
鸡蛋卷,湿垃圾
鸡蛋壳,湿垃圾
豆干,湿垃圾
豆腐干,湿垃圾
冬瓜籽,湿垃圾
向日葵花束,湿垃圾
枯萎花束,湿垃圾
笋干,湿垃圾
白煮蛋,湿垃圾
花蛤肉,湿垃圾
蛋黄酥,湿垃圾
油墩子,湿垃圾
葱油饼,湿垃圾
山东煎饼,湿垃圾
碎骨头,湿垃圾
枸杞,湿垃圾
猪肝,湿垃圾
碧根果肉,湿垃圾
茭白皮,湿垃圾
西葫芦,湿垃圾
猪肉,湿垃圾
小排骨,湿垃圾
沙拉酱,湿垃圾
拉菲草,湿垃圾
大白兔奶糖,湿垃圾
猕猴桃皮,湿垃圾
桃仁,湿垃圾
杨梅干,湿垃圾
带子壳,湿垃圾
玉米塑料袋,湿垃圾
鸭头,湿垃圾
翅尖,湿垃圾
番茄沙司,湿垃圾
巴旦木,湿垃圾
叶子,湿垃圾
鸭舌,湿垃圾
黄芪,湿垃圾
三七粉,湿垃圾
章鱼小丸子,湿垃圾
鱿鱼,湿垃圾
鱿鱼丝,湿垃圾
生蚝肉,湿垃圾
枇杷,湿垃圾
烤鸭,湿垃圾
北京烤鸭,湿垃圾
洋山芋,湿垃圾
铁棍山药,湿垃圾
鸭锁骨,湿垃圾
海星,湿垃圾
黑椒牛排,湿垃圾
杨桃,湿垃圾
胡萝卜皮,湿垃圾
生肉,湿垃圾
皮蛋壳,湿垃圾
山楂干,湿垃圾
番茄皮,湿垃圾
番茄梗,湿垃圾
鲜花饼,湿垃圾
公丁香,湿垃圾
薄荷叶,湿垃圾
花甲粉,湿垃圾
金丝皇菊,湿垃圾
火腿肠,湿垃圾
藏红花,湿垃圾
基围虾,湿垃圾
基围虾壳,湿垃圾
烘山芋皮,湿垃圾
茶叶蛋壳,湿垃圾
咸鸡,湿垃圾
烤鸡,湿垃圾
盐水鸭,湿垃圾
银耳,湿垃圾
意大利面,湿垃圾
烧饼,湿垃圾
红薯皮,湿垃圾
雪花酥,湿垃圾
干桂圆壳,湿垃圾
丝瓜,湿垃圾
玉米粒,湿垃圾
胖大海,湿垃圾
干面粉,湿垃圾
薰衣草,湿垃圾
干花生壳,湿垃圾
猫冻干,湿垃圾
麻辣香锅残渣,湿垃圾
菠萝蜜肉,湿垃圾
五香蛋,湿垃圾
莴苣,湿垃圾
蒲公英,湿垃圾
小笼包,湿垃圾
灌汤包,湿垃圾
德克士炸鸡,湿垃圾
鲫鱼,湿垃圾
鳜鱼,湿垃圾
粉丝,湿垃圾
木耳,湿垃圾
花草茶渣,湿垃圾
肉夹馍,湿垃圾
粗盐,湿垃圾
豆杆,湿垃圾
青豆,湿垃圾
青豆萁,湿垃圾
饺子皮,湿垃圾
馄饨皮,湿垃圾
白瓜子,湿垃圾
煎饼果子,湿垃圾
小葱,湿垃圾
木瓜,湿垃圾
木瓜籽,湿垃圾
可降解吸管,湿垃圾
小肉骨头,湿垃圾
螺蛳粉,湿垃圾
芋艿皮,湿垃圾
花椒粉,湿垃圾
绿豆沙,湿垃圾
荞麦,湿垃圾
荞麦面,湿垃圾
阿胶,湿垃圾
宽粉条,湿垃圾
毛豆皮,湿垃圾
麦片,湿垃圾
纸吸管,湿垃圾
调制海藻面膜,湿垃圾
桂花糕,湿垃圾
猪皮,湿垃圾
臭虫,湿垃圾
芡实糕,湿垃圾
牛轧糖,湿垃圾
火鸡骨头,湿垃圾
鸡头,湿垃圾
猪排,湿垃圾
猪扒,湿垃圾
蜗牛,湿垃圾
鱼饲料,湿垃圾
银杏果,湿垃圾
麻花,湿垃圾
鱼头,湿垃圾
早餐谷物,湿垃圾
猪小排,湿垃圾
猪肉排骨,湿垃圾
玉米纤维袋,湿垃圾
话梅壳,湿垃圾
乌梅壳,湿垃圾
山竹核,湿垃圾
鸡软骨,湿垃圾
杏子核,湿垃圾
虾皮,湿垃圾
虾米,湿垃圾
蟠桃核,湿垃圾
手擀面,湿垃圾
甲鱼小骨,湿垃圾
猪肋排,湿垃圾
里脊肉,湿垃圾
木薯淀粉,湿垃圾
香蕉干,湿垃圾
鸭皮,湿垃圾
纸巾,干垃圾
牙签,干垃圾
一次性筷子,干垃圾
陶瓷类废弃物,干垃圾
清扫渣土,干垃圾
陶瓷碗碟,干垃圾
大块骨头,干垃圾
植物硬壳,干垃圾
枯萎花草,干垃圾
塑料袋,干垃圾
保鲜膜,干垃圾
A4纸包装袋,干垃圾
零食包装袋,干垃圾
快递包装袋,干垃圾
热饮杯盖,干垃圾
咖啡杯杯盖,干垃圾
干电池（无汞）,干垃圾
纸尿裤,干垃圾
卫生纸,干垃圾
卫生巾外层薄塑纸,干垃圾
湿纸巾,干垃圾
旧浴缸,干垃圾
盆子,干垃圾
坏马桶,干垃圾
旧水槽,干垃圾
坛子,干垃圾
菜板,干垃圾
砖块,干垃圾
杯子,干垃圾
瓦片,干垃圾
西梅核,干垃圾
坏的花盆,干垃圾
木质梳子,干垃圾
脏污衣服,干垃圾
湿垃圾袋,干垃圾
水彩笔,干垃圾
过期化妆品,干垃圾
旧镜子,干垃圾
猫罐头,干垃圾
牙膏壳,干垃圾
椰子壳,干垃圾
塑料垃圾袋,干垃圾
污染纸张,干垃圾
废弃食品袋,干垃圾
一次性餐盒,干垃圾
旧毛巾,干垃圾
牙膏皮,干垃圾
废弃的纸张,干垃圾
装修废弃物,干垃圾
盛放厨余果皮的垃圾袋,干垃圾
灰土,干垃圾
污染较严重的纸,干垃圾
核桃壳,干垃圾
头发,干垃圾
胶带,干垃圾
一次性咖啡纸杯,干垃圾
奶茶纸杯,干垃圾
护理垫,干垃圾
包裹着狗屎的纸巾,干垃圾
包裹着狗屎的报纸,干垃圾
雪糕袋,干垃圾
棉花棒,干垃圾
橡皮泥,干垃圾
粽叶,干垃圾
猫毛,干垃圾
小票,干垃圾
蚊香片,干垃圾
暖宝宝,干垃圾
干冰,干垃圾
铅笔屑,干垃圾
被污染的垃圾袋,干垃圾
田螺壳,湿垃圾
蛏子壳,干垃圾
文蛤壳,干垃圾
水彩颜料,干垃圾
一次性口罩,干垃圾
口香糖,干垃圾
一次性塑料袋,干垃圾
污渍纸巾,干垃圾
木瓶塞,干垃圾
指甲片,干垃圾
大米袋,干垃圾
烟盒,可回收垃圾
烧烤木签,干垃圾
棉花球,干垃圾
泡沫盒子,干垃圾
大龙虾壳,干垃圾
中药袋,干垃圾
胶带纸,干垃圾
薯片罐,干垃圾
牙线,干垃圾
塑料吸管,干垃圾
一次性保鲜膜,干垃圾
湿巾纸,干垃圾
瓷器碎片,干垃圾
砖瓦陶瓷,干垃圾
雪糕包装袋,干垃圾
泡面桶,干垃圾
酒精棉花,干垃圾
玉米皮,干垃圾
奶茶塑料杯,干垃圾
头屑,干垃圾
帝王蟹壳,干垃圾
一次性用品,干垃圾
渣土,干垃圾
陶瓷制品,干垃圾
烘培纸,干垃圾
除湿袋,干垃圾
滤纸,干垃圾
生蚝壳,干垃圾
猪大骨,干垃圾
一次性塑料餐盒,干垃圾
调料袋,干垃圾
发热包,干垃圾
洗衣液包装袋,干垃圾
咖啡滤纸,干垃圾
包裹着狗屎的塑料袋,干垃圾
塑料盖子,干垃圾
头饰,干垃圾
胶囊咖啡,干垃圾
椰青壳,干垃圾
吸油纸,干垃圾
厨房用纸,干垃圾
琴弦,干垃圾
呕吐物纸巾,干垃圾
纸质包装袋,干垃圾
方便面桶,干垃圾
面膜包装袋,干垃圾
塑料拖鞋,可回收垃圾
橡皮筋,干垃圾
水笔笔芯,干垃圾
湿灰尘,干垃圾
蛤蜊壳,干垃圾
纽扣（少量）,干垃圾
一次性塑料手套,干垃圾
中性笔,干垃圾
KFC食物包装,干垃圾
蚊香灰,干垃圾
乳胶,干垃圾
玻璃胶,干垃圾
带有婴儿粪便的尿不湿,干垃圾
暖宝宝贴,干垃圾
牛奶袋,干垃圾
血糖试纸,干垃圾
餐饮外卖盒,干垃圾
油画颜料,干垃圾
油画颜料软管,干垃圾
吸管塑料包装,干垃圾
橡胶制品,干垃圾
橡胶手套,干垃圾
过期口红,干垃圾
黄油包装纸,干垃圾
脏纸尿裤,干垃圾
蛋糕盒,干垃圾
干净无油食品包装袋,干垃圾
面包袋,干垃圾
蛋糕袋,干垃圾
快递单,干垃圾
营养土,干垃圾
一次性塑料盘,干垃圾
冰宝贴,干垃圾
一次性塑料调羹,干垃圾
手指甲,干垃圾
小纸屑,干垃圾
眼镜架,干垃圾
陶土花瓶,干垃圾
牛肋骨,干垃圾
被油污污染过的报纸,干垃圾
脏纸巾,干垃圾
衣服标签,干垃圾
小核桃壳,干垃圾
电蚊香片,干垃圾
瓷碎片,干垃圾
卫生棉条,干垃圾
一次性塑料浴帽,干垃圾
一次性纸餐盘,干垃圾
纸巾包装袋,干垃圾
抽纸塑料袋,干垃圾
毛笔写过的纸,干垃圾
塑料表带,干垃圾
粉饼盒,干垃圾
502胶水,干垃圾
硅胶猫砂,干垃圾
水晶猫砂,干垃圾
冰淇淋包装袋,干垃圾
护手霜,干垃圾
粉尘,干垃圾
一次性餐具,干垃圾
卸妆纸巾,干垃圾
洗衣粉,干垃圾
气泡膜,干垃圾
智齿,干垃圾
钢丝球,干垃圾
一次性纸杯,干垃圾
大头针,干垃圾
永生花,干垃圾
带有婴儿粪便的纸尿裤,干垃圾
塑封袋,干垃圾
圆珠笔芯,干垃圾
面膜外层纸,干垃圾
袋泡茶,干垃圾
塑料花,干垃圾
冰箱贴,干垃圾
假睫毛胶水,干垃圾
洗碗布,干垃圾
电话卡,干垃圾
手机壳,干垃圾
面巾纸,干垃圾
泥土,干垃圾
网球,干垃圾
烟灰,干垃圾
毛衣针,干垃圾
护发精油,干垃圾
紫砂壶,干垃圾
防晒喷雾,干垃圾
棉花,干垃圾
寄居蟹,干垃圾
水饺包装袋,干垃圾
巧克力包装袋,干垃圾
饼干包装袋,干垃圾
奶嘴,干垃圾
糖纸,干垃圾
胡须,干垃圾
包裹着痰的纸巾,干垃圾
包裹着鼻涕的纸巾,干垃圾
KFC纸盒,干垃圾
麦当劳纸盒,干垃圾
牛骨,干垃圾
啤酒瓶盖,可回收垃圾
糖果皮,干垃圾
包裹着西瓜籽的纸巾,干垃圾
包裹着鼻屎的纸巾,干垃圾
冷饮包装,干垃圾
外卖塑料袋,干垃圾
外卖塑料盒,干垃圾
外卖纸盒,干垃圾
5号电池（无汞）,干垃圾
7号电池（无汞）,干垃圾
湿头发,干垃圾
毛发,干垃圾
一次性手套,干垃圾
卸妆膏,干垃圾
手机膜,干垃圾
防霉防蛀片,干垃圾
卫生护垫,干垃圾
摩丝罐,干垃圾
厨房手套,干垃圾
沐浴球,干垃圾
耳塞,干垃圾
牙线棒,干垃圾
修正液,干垃圾
废纸,干垃圾
卫生间用纸,干垃圾
陶瓷花瓶,干垃圾
陶瓷花盆,干垃圾
防碎气泡膜,干垃圾
污损塑料袋,干垃圾
水晶泥,干垃圾
胶纸,干垃圾
剃须泡沫罐,干垃圾
风油精,干垃圾
奶茶塑料盖,干垃圾
打火机,干垃圾
擦碗布,干垃圾
碱性电池,干垃圾
烧烤锡纸,干垃圾
外卖饭盒,干垃圾
装过湿垃圾的塑料袋,干垃圾
纸质外卖盒,干垃圾
塑料外卖盒,干垃圾
马桶刷,干垃圾
狗尿垫,干垃圾
太空沙,干垃圾
带胶制品,干垃圾
竹制品,干垃圾
成分复杂的制品,干垃圾
皮皮虾壳,干垃圾
使用过的安全套,干垃圾
青口贝,干垃圾
碎纸屑,干垃圾
洗头膏,干垃圾
番茄酱包装袋,干垃圾
面纸,干垃圾
身体乳,干垃圾
青草膏,干垃圾
洁面摩丝,干垃圾
一次性塑料勺子,干垃圾
眼线笔,干垃圾
眉粉,干垃圾
沾有油渍的食品包装袋,干垃圾
薯片包装袋,干垃圾
自动铅笔笔芯,干垃圾
香薰球,干垃圾
隐形眼镜护理液,干垃圾
脏卫生巾,干垃圾
湿塑料袋,干垃圾
牛骨棒,干垃圾
草纸,干垃圾
雨衣,干垃圾
湿纸巾包装,干垃圾
纸饭盒,干垃圾
成人用品,干垃圾
河蚌壳,干垃圾
香肠壳,干垃圾
发夹,干垃圾
发带,干垃圾
驱蚊香片,干垃圾
薯片盒,干垃圾
吸尘器灰尘,干垃圾
粉扑,干垃圾
咖啡胶囊,干垃圾
鸡毛,干垃圾
安全套包装袋,干垃圾
尿片,干垃圾
冰棒棍,干垃圾
广告颜料,干垃圾
陶泥,干垃圾
猪骨头,干垃圾
使用过的面膜,干垃圾
使用过的卫生巾,干垃圾
喝过的奶茶杯子,干垃圾
高密度碎纸机处理的碎纸,干垃圾
泡面袋,干垃圾
太阳眼镜,干垃圾
美妆蛋,干垃圾
胭脂,干垃圾
油条包装袋,干垃圾
奶茶杯,干垃圾
购物卡,可回收垃圾
订书机钉,干垃圾
彩泥,干垃圾
冰贴,干垃圾
棒冰棍,干垃圾
香烟头,干垃圾
泡沫饭盒,干垃圾
PH试纸,干垃圾
葡萄酒木塞,干垃圾
包裹着口香糖的纸巾,干垃圾
火腿肠包装纸,干垃圾
艾灸条,干垃圾
保冷剂,干垃圾
草木灰,干垃圾
驱蚊手环,干垃圾
挂耳咖啡,干垃圾
滤挂咖啡,干垃圾
柳絮,干垃圾
洗涤液包装袋,干垃圾
石锅,干垃圾
灭蚊灯,干垃圾
红酒塞,干垃圾
枕巾,干垃圾
1号电池（无汞）,干垃圾
电子烟烟弹,干垃圾
陶瓷盘子,干垃圾
榨菜袋,干垃圾
卷筒纸,干垃圾
方便面调味包,干垃圾
脱毛膏,干垃圾
三角裤,干垃圾
平角裤,干垃圾
海绵粉扑,干垃圾
一次性竹筷子,干垃圾
碎碗,干垃圾
白板笔,干垃圾
海螺壳,干垃圾
花蛤壳,干垃圾
棉线,干垃圾
糖包,干垃圾
鼠标垫,干垃圾
便条贴,干垃圾
水果塑料盒,干垃圾
糖浆包,干垃圾
泳镜,干垃圾
粘土,干垃圾
干草,干垃圾
酸奶勺,干垃圾
中药包,干垃圾
猪腿骨,干垃圾
茶叶包,干垃圾
豆浆杯,干垃圾
测血糖针,干垃圾
唇釉,干垃圾
一次性打火机,干垃圾
棒棒糖棒子,干垃圾
旧内衣,干垃圾
牛骨头,干垃圾
冰棒皮,干垃圾
冰棒外包装,干垃圾
滴漏式咖啡,干垃圾
星巴克咖啡杯,干垃圾
星巴克塑料杯,干垃圾
下水道杂物,干垃圾
电蚊香液瓶,干垃圾
膨润土猫砂,干垃圾
油污纸,干垃圾
稻草,干垃圾
擦过鼻涕的纸巾,干垃圾
粘毛滚纸,干垃圾
酱油袋,干垃圾
湿海绵,干垃圾
羊大骨,干垃圾
塑料笔杆,干垃圾
过期护肤品,干垃圾
发箍,干垃圾
壁纸,干垃圾
墙纸,干垃圾
薯片袋,干垃圾
脏抹布,干垃圾
润肤乳,干垃圾
脏玻璃瓶,干垃圾
外卖盒子,干垃圾
外卖餐具,干垃圾
调料包,干垃圾
辣条包装袋,干垃圾
储奶袋,干垃圾
玉米衣,干垃圾
电动牙刷刷头,干垃圾
过期防晒霜,干垃圾
塑料打包盒,干垃圾
透明打包盒,干垃圾
食品密封袋,干垃圾
食品保鲜袋,干垃圾
榛子壳,干垃圾
气垫膜,干垃圾
碧然德过滤芯,干垃圾
粘尘纸,干垃圾
过滤袋,干垃圾
炼乳壳,干垃圾
装蔬菜的塑料袋,干垃圾
脚趾甲,干垃圾
油画刷,干垃圾
墨胆,干垃圾
脏卸妆棉,干垃圾
痘痘贴,干垃圾
甲鱼壳,干垃圾
自热火锅加热包,干垃圾
酸奶杯盖,干垃圾
净化器滤芯,干垃圾
纸巾袋,干垃圾
艾灸贴,干垃圾
便纸,干垃圾
双眼皮贴,干垃圾
包裹着猫屎的塑料袋,干垃圾
蜡烛包装,干垃圾
卫生巾外包装,干垃圾
豆腐盒,干垃圾
卫生巾包装袋,干垃圾
海绵蛋,干垃圾
方便面盒,干垃圾
纸皮核桃,干垃圾
卷筒纸外包装,干垃圾
牙签塑料盒,干垃圾
醋包,干垃圾
醋袋,干垃圾
食品塑料盒,干垃圾
仓鼠垫沙,干垃圾
干发巾,干垃圾
喜茶杯,干垃圾
面粉袋,干垃圾
吸管薄膜,干垃圾
蟑螂贴,干垃圾
眼贴膜,干垃圾
眼膜,干垃圾
鼻贴,干垃圾
去黑头鼻贴,干垃圾
一次性尿布,干垃圾
香烟灰,干垃圾
湿厕纸,干垃圾
烧烤竹签,干垃圾
锡箔餐盒,干垃圾
湿厕纸包装袋,干垃圾
酸奶吸管,干垃圾
铅笔芯,干垃圾
地板蜡,干垃圾
粽子包裹绳,干垃圾
塑料咖啡杯,干垃圾
硅藻泥,干垃圾
眼镜盒,干垃圾
逗猫棒,干垃圾
宠物饲料包装袋,干垃圾
滤尘袋,干垃圾
纸胶带,干垃圾
膨化食品包装袋,干垃圾
眼部精华胶囊,干垃圾
食品干燥剂,干垃圾
纸咖啡杯,干垃圾
空气清新剂罐,干垃圾
空调滤芯,干垃圾
珍珠奶茶杯,干垃圾
早餐奶包装袋,干垃圾
粉底液,干垃圾
墙灰,干垃圾
湿抹布,干垃圾
一次性内裤,干垃圾
生物冰袋,干垃圾
桃子核,干垃圾
陶瓷杯,干垃圾
脏牛奶盒,干垃圾
一次性塑料杯,干垃圾
乐事薯片盒,干垃圾
蛋黄酥包装盒,干垃圾
瓷勺,干垃圾
养乐多盖,干垃圾
胶布,干垃圾
一次性洗脸巾,干垃圾
沸石猫砂,干垃圾
早餐塑料袋,干垃圾
豆浆杯盖,干垃圾
口红盒,干垃圾
包裹着猫屎的膨润土猫砂,干垃圾
游泳眼镜,干垃圾
老花眼镜,干垃圾
蜡烛塑料模,干垃圾
塑料挂钩,干垃圾
奶粉勺子,干垃圾
减震泡泡膜,干垃圾
擦手纸,干垃圾
奶粉盖,干垃圾
水粉颜料,干垃圾
机票,干垃圾
演唱会票,干垃圾
车票,干垃圾
大头钉,干垃圾
热敏纸,干垃圾
不干胶纸,干垃圾
饮料瓶标签,干垃圾
方便面包装袋,干垃圾
标签纸,干垃圾
沙拉袋,干垃圾
快递贴纸,干垃圾
气泡垫,干垃圾
废瓷砖,干垃圾
水果罐,干垃圾
保湿喷雾,干垃圾
火车票,干垃圾
退烧贴,干垃圾
卸妆油瓶,干垃圾
水果包装袋,干垃圾
泡面调料包,干垃圾
冻干粉面膜,干垃圾
软膜撕拉面膜,干垃圾
卷笔刀,干垃圾
化妆品瓶盖,干垃圾
N次贴,干垃圾
纳米海绵,干垃圾
一次性剃须刀片,干垃圾
塑料油壶,干垃圾
眼线液,干垃圾
避孕套包装,干垃圾
兔毛,干垃圾
大龙虾头,干垃圾
一次性塑料鞋套,干垃圾
粽子皮,干垃圾
牛皮筋,干垃圾
修眉刀,干垃圾
头绳,干垃圾
艾灸渣,干垃圾
牙套,干垃圾
塑料刷子,干垃圾
防蚊手环,干垃圾
搓澡巾,干垃圾
烟丝,干垃圾
方便面叉子,干垃圾
汉堡纸,干垃圾
眼镜布,干垃圾
果冻包装盒,干垃圾
干冰袋,干垃圾
头皮屑,干垃圾
长寿果壳,干垃圾
超市塑料袋,干垃圾
防震膜,干垃圾
羊肉骨头,干垃圾
酱油包装袋,干垃圾
一次性餐具包装,干垃圾
爽身粉,干垃圾
84消毒液瓶,干垃圾
炸鸡包装袋,干垃圾
气泡纸,干垃圾
液体蚊香,干垃圾
织带,干垃圾
液体蚊香瓶,干垃圾
卸妆乳瓶,干垃圾
包裹着鸡蛋壳的餐巾纸,干垃圾
气泡袋,干垃圾
条码纸,干垃圾
干草包装袋,干垃圾
猫粮包装袋,干垃圾
香肠竹签,干垃圾
破碎盘子,干垃圾
荷兰猪毛,干垃圾
碳性电池,干垃圾
串串竹签,干垃圾
旧口罩,干垃圾
扇子,干垃圾
乳垫,干垃圾
吸味剂,干垃圾
烟盒内锡纸,干垃圾
旧牙刷,干垃圾
马克杯,干垃圾
绿豆包装,干垃圾
菠萝蜜核,干垃圾
日抛,干垃圾
牙贴,干垃圾
一次性电子烟,干垃圾
果冻壳,干垃圾
湿面巾纸,干垃圾
购物小票,干垃圾
冰淇淋纸,干垃圾
红茶包,干垃圾
自热包,干垃圾
丙烯颜料,干垃圾
陶瓷烟灰缸,干垃圾
丝瓜筋,干垃圾
带油抹布,干垃圾
塑料牙签,干垃圾
鸽毛,干垃圾
毛笔,干垃圾
脱酸素剂,干垃圾
消毒棉,干垃圾
油性笔,干垃圾
发卡,干垃圾
防潮袋,干垃圾
刘海夹,干垃圾
饼干袋,干垃圾
浴沙,干垃圾
冷饮包装纸,干垃圾
一次性拖鞋,干垃圾
足浴袋,干垃圾
吸湿剂,干垃圾
洗衣粉袋,干垃圾
化妆品密封塑料膜,干垃圾
湿报纸,干垃圾
婴幼儿纸尿裤,干垃圾
眼镜框,干垃圾
油污湿巾纸,干垃圾
脱氧保鲜剂,干垃圾
关东煮纸杯,干垃圾
碘酒棉球,干垃圾
酒精棉球,干垃圾
珍宝蟹,干垃圾
泡脚袋,干垃圾
一次性便当盒,干垃圾
羊肉串棒,干垃圾
碳包,干垃圾
手机链,干垃圾
卤料包,干垃圾
五子棋,干垃圾
化妆镜,干垃圾
香囊,干垃圾
塑料带,干垃圾
测血糖试纸,干垃圾
足贴,干垃圾
牛肉骨头,干垃圾
必胜客纸盒,干垃圾
奶茶盖,干垃圾
隐形眼镜盒,干垃圾
酒精棉片,干垃圾
光碟包,干垃圾
烤串棒,干垃圾
棒冰包装袋,干垃圾
湿卫生纸,干垃圾
席子,干垃圾
竹炭包,干垃圾
园艺土,干垃圾
牛排包装,干垃圾
蔬菜包装袋,干垃圾
烫发剂壳,干垃圾
瑞幸咖啡杯,干垃圾
厨房纸巾,干垃圾
塑料糖纸,干垃圾
纸巾外包装,干垃圾
卫生卷纸,干垃圾
全棉时代纸巾,干垃圾
雪糕棍,干垃圾
卫生棒,干垃圾
防蚊贴,干垃圾
湿纸巾包装袋,干垃圾
腋毛,干垃圾
胡渣,干垃圾
面条包装袋,干垃圾
魔芋粉包装袋,干垃圾
清凉贴,干垃圾
固体清香剂,干垃圾
腮红,干垃圾
轻质彩泥,干垃圾
巧克力锡纸,干垃圾
橡皮擦,干垃圾
黑板擦,干垃圾
白板擦,干垃圾
碗碎片,干垃圾
湿烟头,干垃圾
清洁抹布,干垃圾
便签纸,干垃圾
泡泡糖,干垃圾
吸油面纸,干垃圾
肉类包装盒,干垃圾
扣子,干垃圾
内衣包装袋,干垃圾
太阳镜,干垃圾
灭蚊片,干垃圾
CD,干垃圾
DVD,干垃圾
混合猫砂,干垃圾
水笔芯,干垃圾
键盘清洁胶,干垃圾
塑料夹子,干垃圾
砚台,干垃圾
证件塑料壳,干垃圾
登机牌,干垃圾
竹牙签,干垃圾
牛尾骨,干垃圾
湿纸箱,干垃圾
风油精瓶,干垃圾
驱蚊贴,干垃圾
硅胶手环,干垃圾
气垫BB霜,干垃圾
橡皮屑,干垃圾
中药面膜,干垃圾
牙刷头,干垃圾
牛肉干包装,干垃圾
胸贴,干垃圾
牛仔骨,干垃圾
盐包装袋,干垃圾
浴花,干垃圾
扫描仪,可回收垃圾
投影仪,可回收垃圾
包装纸,可回收垃圾
硬纸板,可回收垃圾
纸板箱,可回收垃圾
包装盒,可回收垃圾
点心盒,可回收垃圾
纸巾盒,可回收垃圾
牛奶盒,可回收垃圾
饮料利乐包装,可回收垃圾
PET塑料瓶,可回收垃圾
饮料瓶,可回收垃圾
硬质塑料瓶,可回收垃圾
塑料盒,可回收垃圾
冰淇淋盒,可回收垃圾
塑料杯,可回收垃圾
酸奶杯,可回收垃圾
果冻杯,可回收垃圾
软桶,可回收垃圾
塑料泡沫,可回收垃圾
气泡缓冲材料,可回收垃圾
水果网套,可回收垃圾
废弃塑料文具,可回收垃圾
玻璃瓶,可回收垃圾
碎玻璃片,可回收垃圾
其他玻璃制品,可回收垃圾
金属盒,可回收垃圾
其他金属制品,可回收垃圾
金属文件柜,可回收垃圾
沙发,大件垃圾
茶几,大件垃圾
办公桌,可回收垃圾
文件柜,可回收垃圾
椅子,大件垃圾
皮带,可回收垃圾
香水瓶,可回收垃圾
食品罐头,可回收垃圾
旧书包,可回收垃圾
旧鞋子,可回收垃圾
旧塑料篮子,可回收垃圾
旧玩偶,可回收垃圾
旧铁锅,可回收垃圾
不锈钢垃圾桶,可回收垃圾
旧帽子,可回收垃圾
旧夹子,可回收垃圾
废锁头,可回收垃圾
雨伞骨架,可回收垃圾
旧纸袋,可回收垃圾
纸盒,可回收垃圾
旧玩具,可回收垃圾
办公用纸,可回收垃圾
广告用纸,可回收垃圾
暖水瓶,可回收垃圾
废弃衣服,可回收垃圾
桌布,可回收垃圾
塑料包装,可回收垃圾
铁皮罐头,可回收垃圾
报废车辆,可回收垃圾
家电家具,可回收垃圾
玻璃烟灰缸,可回收垃圾
泡沫箱,可回收垃圾
墨水瓶,可回收垃圾
塑料垃圾桶,可回收垃圾
塑料饮料杯,可回收垃圾
吸铁石,可回收垃圾
塑料假花,可回收垃圾
指南针,可回收垃圾
自行车轮胎,可回收垃圾
袜子,干垃圾
竹签,可回收垃圾
旧衣服,可回收垃圾
轮胎,可回收垃圾
酸奶盒,可回收垃圾
钉子,可回收垃圾
地板砖,可回收垃圾
塑料壳,可回收垃圾
护肤品玻璃罐,可回收垃圾
奶粉罐,可回收垃圾
塑料瓶瓶盖,可回收垃圾
锡纸,干垃圾
废旧电子产品,可回收垃圾
鞋垫,可回收垃圾
过滤网,可回收垃圾
皮鞋,可回收垃圾
广告纸片,可回收垃圾
打印纸,可回收垃圾
菜刀,可回收垃圾
塑料盆,可回收垃圾
塑料桶,可回收垃圾
塑料日用品,可回收垃圾
塑料餐具,可回收垃圾
塑料纸,可回收垃圾
充电装置,可回收垃圾
砖头,可回收垃圾
水泥砖,可回收垃圾
矿泉水桶,可回收垃圾
可乐瓶,可回收垃圾
废旧木柴,可回收垃圾
保温袋,可回收垃圾
碎纸,可回收垃圾
铁盒,可回收垃圾
插线板,可回收垃圾
电风扇,可回收垃圾
水龙头,可回收垃圾
抗光屏,可回收垃圾
幕布,可回收垃圾
地球仪,可回收垃圾
空气净化器过滤网,可回收垃圾
化妆品瓶,可回收垃圾
未被污染的输液瓶,可回收垃圾
未被污染的输液袋,可回收垃圾
手机,可回收垃圾
溜冰鞋,可回收垃圾
废电路板,可回收垃圾
藤条,可回收垃圾
棕榈蜡,可回收垃圾
消毒液瓶,有害垃圾
自行车,可回收垃圾
洗面奶瓶,可回收垃圾
床垫,大件垃圾
木板,可回收垃圾
铝箔纸,可回收垃圾
铁制品,可回收垃圾
铜制品,可回收垃圾
泡沫塑料,可回收垃圾
雪碧罐,可回收垃圾
废旧小家电,可回收垃圾
卫生纸内芯,可回收垃圾
可口可乐瓶,可回收垃圾
笔记本电脑,可回收垃圾
电饭煲,可回收垃圾
塑料玩具,可回收垃圾
洗发水瓶,可回收垃圾
护发素瓶,可回收垃圾
洗衣液瓶,可回收垃圾
皮包,可回收垃圾
食用油桶,可回收垃圾
塑料衣架,可回收垃圾
铝膜,可回收垃圾
塑料水管,可回收垃圾
铁管,可回收垃圾
铜管,可回收垃圾
塑复钢管,可回收垃圾
铝塑复合管,可回收垃圾
金属管,可回收垃圾
红酒瓶,可回收垃圾
香槟瓶,可回收垃圾
白酒瓶,可回收垃圾
可乐瓶瓶盖,可回收垃圾
电动玩具,可回收垃圾
镜片,可回收垃圾
照相机,可回收垃圾
塑料花盆,可回收垃圾
无纺布手提袋,可回收垃圾
纸箱,可回收垃圾
iPad,可回收垃圾
墨汁瓶,可回收垃圾
化妆水瓶,可回收垃圾
护肤品瓶,可回收垃圾
护肤乳液瓶,可回收垃圾
酱油瓶,可回收垃圾
钢琴,大件垃圾
手链,可回收垃圾
手镯,可回收垃圾
木头,可回收垃圾
碎玻璃制品,可回收垃圾
电动牙刷,可回收垃圾
塑料包装纸盒,可回收垃圾
金属香炉,可回收垃圾
铅球,可回收垃圾
脸摩仪,可回收垃圾
脉动饮料瓶,可回收垃圾
跑步机,可回收垃圾
手电筒,可回收垃圾
螺钉,可回收垃圾
糖果罐,可回收垃圾
毛绒玩具,可回收垃圾
烧水壶,可回收垃圾
电冰箱,可回收垃圾
洗衣机,可回收垃圾
电烤箱,可回收垃圾
洗碗机,可回收垃圾
扫地机器人,可回收垃圾
面霜瓶,可回收垃圾
糖果盒,可回收垃圾
电话机,可回收垃圾
小提琴,大件垃圾
塑料架,可回收垃圾
茶叶罐,可回收垃圾
酒精瓶,可回收垃圾
座椅垫,可回收垃圾
蛋挞盒,可回收垃圾
纸质卡片,可回收垃圾
硅胶玩具,可回收垃圾
KFC纸袋,可回收垃圾
旧报纸,可回收垃圾
真空压缩袋,可回收垃圾
螺丝,可回收垃圾
尼龙袋,可回收垃圾
纸塑铝复合包装,可回收垃圾
油桶,可回收垃圾
食品保鲜盒,可回收垃圾
衣架,可回收垃圾
玻璃放大镜,可回收垃圾
窗玻璃,可回收垃圾
刀,可回收垃圾
螺丝刀,可回收垃圾
枕头,可回收垃圾
电子血压仪,可回收垃圾
塑料饭盒,可回收垃圾
木凳,可回收垃圾
木椅,大件垃圾
收音机,可回收垃圾
铃铛,可回收垃圾
棉布,可回收垃圾
咖啡隔热纸,可回收垃圾
毛线,可回收垃圾
塑料梳子,可回收垃圾
旧锁,可回收垃圾
纱线手套,可回收垃圾
不锈钢勺子,可回收垃圾
乐扣乐扣,可回收垃圾
木质拼板,可回收垃圾
眼霜罐,可回收垃圾
马桶盖,可回收垃圾
饮料瓶盖,可回收垃圾
玻璃锅盖,可回收垃圾
棉花被,可回收垃圾
防晒衣,可回收垃圾
地铁票,可回收垃圾
脸盆,可回收垃圾
脚盆,可回收垃圾
洗脸仪,可回收垃圾
电动剃须刀,可回收垃圾
充电牙刷,可回收垃圾
电炖锅,可回收垃圾
高压锅,可回收垃圾
热水袋,可回收垃圾
充电热水袋,可回收垃圾
玻璃碎片,可回收垃圾
废钥匙,可回收垃圾
干净饮料瓶,可回收垃圾
废报纸,可回收垃圾
旧被单,可回收垃圾
废旧吸铁石,可回收垃圾
冰红茶利乐包装,可回收垃圾
金属瓶盖,可回收垃圾
香烟盒,可回收垃圾
香烟壳,可回收垃圾
金手链,可回收垃圾
金项链,可回收垃圾
热水瓶,可回收垃圾
脚垫,可回收垃圾
钢化玻璃,可回收垃圾
纸质杯套,可回收垃圾
塑料杯套,可回收垃圾
星巴克纸袋,可回收垃圾
木条,可回收垃圾
木棍,可回收垃圾
簪子,可回收垃圾
鼓棒,可回收垃圾
奥特曼玩具,可回收垃圾
洗手液瓶,可回收垃圾
滑板,可回收垃圾
电源插头,可回收垃圾
信纸,可回收垃圾
画框,可回收垃圾
洗涤液瓶,可回收垃圾
二手手机,可回收垃圾
电动卷发棒,可回收垃圾
洗洁精瓶,可回收垃圾
拖把桶,可回收垃圾
台布,可回收垃圾
布艺窗帘,可回收垃圾
软玻璃,可回收垃圾
水晶板,可回收垃圾
钨丝灯,可回收垃圾
鲜奶盒,可回收垃圾
球鞋,可回收垃圾
草稿本,可回收垃圾
鞋带,可回收垃圾
干发帽,可回收垃圾
铝箔袋,可回收垃圾
纸质礼品盒,可回收垃圾
易拉罐拉环,可回收垃圾
书包,可回收垃圾
铁调羹,可回收垃圾
铁盒子,可回收垃圾
浴帘,可回收垃圾
泳帽,可回收垃圾
泳衣,可回收垃圾
电动保温箱,可回收垃圾
起钉器,可回收垃圾
消费卡,可回收垃圾
步步高学习机,可回收垃圾
塑料晾衣杆,可回收垃圾
金属零件,可回收垃圾
皮夹,可回收垃圾
旧布鞋,可回收垃圾
金子,可回收垃圾
金器,可回收垃圾
书本,可回收垃圾
拉杆箱,大件垃圾
棉被,可回收垃圾
金属钥匙扣,可回收垃圾
午餐肉罐头,可回收垃圾
帆布袋,可回收垃圾
变形金刚,可回收垃圾
皮质钱包,可回收垃圾
肯德基纸袋,可回收垃圾
纸牌,可回收垃圾
旧拖鞋,可回收垃圾
塑料酸奶盒,可回收垃圾
老干妈瓶子,可回收垃圾
洁厕灵瓶子,可回收垃圾
耳钉,可回收垃圾
奥特曼卡片,可回收垃圾
旧枕头,可回收垃圾
牛奶瓶,可回收垃圾
衣服干洗剂瓶,可回收垃圾
速冻食品保温袋,可回收垃圾
泡沫保温箱,可回收垃圾
玩具盒,可回收垃圾
玩具塑料盒,可回收垃圾
矿泉水瓶盖,可回收垃圾
垃圾箱,可回收垃圾
太空望远镜,可回收垃圾
铁丝,可回收垃圾
铜丝,可回收垃圾
金属门吸,可回收垃圾
吸门器,可回收垃圾
瑜伽垫,可回收垃圾
旧瑜伽垫,可回收垃圾
纸袋子,可回收垃圾
塑料膜,可回收垃圾
铁罐,可回收垃圾
鸡蛋盒,可回收垃圾
隐形眼镜包装盒,可回收垃圾
拍拍净瓶罐,可回收垃圾
喜糖铁盒子,可回收垃圾
废旧报纸,可回收垃圾
磁带播放器,可回收垃圾
纸质印刷品,可回收垃圾
排插,可回收垃圾
星巴克杯托,可回收垃圾
料酒瓶,可回收垃圾
木质拖把杆,可回收垃圾
金属拖把杆,可回收垃圾
小木棍,可回收垃圾
旧皮鞋,可回收垃圾
巴黎水玻璃瓶,可回收垃圾
自拍杆,可回收垃圾
置物架,可回收垃圾
球拍,可回收垃圾
清洁剂瓶,可回收垃圾
木质玩具,可回收垃圾
高尔夫球杆,可回收垃圾
铜线,可回收垃圾
快递纸箱,可回收垃圾
旧相机,可回收垃圾
乐高玩具,可回收垃圾
棉拖鞋,可回收垃圾
脏袜子,可回收垃圾
羽毛球拍,干垃圾
乒乓球拍,可回收垃圾
电子灭蚊拍,可回收垃圾
塑料瓶盖,可回收垃圾
卷筒纸芯,可回收垃圾
卡纸,可回收垃圾
奶粉桶,可回收垃圾
玩具塑料包装纸盒,可回收垃圾
曲奇铁罐,可回收垃圾
蓝罐曲奇盒,可回收垃圾
塑料标签,可回收垃圾
保鲜膜带齿盒,可回收垃圾
内存卡,可回收垃圾
背包,可回收垃圾
酸奶玻璃瓶,可回收垃圾
芯片,可回收垃圾
鞋盒,可回收垃圾
CPU,可回收垃圾
漱口水瓶,可回收垃圾
雨伞伞面,可回收垃圾
电脑机箱,可回收垃圾
塑料碗,可回收垃圾
玻璃渣,可回收垃圾
精华玻璃瓶,可回收垃圾
衣服包装袋,可回收垃圾
PS4,可回收垃圾
蜂蜜柚子茶玻璃罐,可回收垃圾
拖线板,可回收垃圾
包书纸,可回收垃圾
洁厕液瓶,可回收垃圾
玻璃密封容器,可回收垃圾
蓝牙耳机,可回收垃圾
牛皮纸,可回收垃圾
铅笔盒,可回收垃圾
玻璃电子秤,可回收垃圾
显示屏,可回收垃圾
蜜蜡,可回收垃圾
暖壶胆,可回收垃圾
玻璃蜡烛杯,可回收垃圾
雪弗板,可回收垃圾
快递纸袋,可回收垃圾
热水瓶胆,可回收垃圾
木盒子,可回收垃圾
枕芯,可回收垃圾
旧跑鞋,可回收垃圾
行李箱,大件垃圾
麦当劳咖啡杯杯盖（印有可回收标志）,可回收垃圾
肯德基豆浆杯盖（印有可回收标志）,可回收垃圾
羽绒服,可回收垃圾
无纺布包,可回收垃圾
保温壶,可回收垃圾
金属晾衣杆,可回收垃圾
橄榄球,可回收垃圾
塑料桌布,可回收垃圾
炒菜铁锅,可回收垃圾
铁衣架,可回收垃圾
网卡,可回收垃圾
口香糖塑料盒,可回收垃圾
美年达饮料瓶,可回收垃圾
圆规,可回收垃圾
布鞋套,可回收垃圾
青铜,可回收垃圾
皮料,可回收垃圾
电锯,可回收垃圾
钢尺,可回收垃圾
水槽过滤网,可回收垃圾
合金筷子,可回收垃圾
螺丝钉,可回收垃圾
饮料玻璃瓶,可回收垃圾
玻璃花瓶,可回收垃圾
旧剪刀,可回收垃圾
电热水壶,可回收垃圾
Kindle,可回收垃圾
榨汁机,可回收垃圾
搅拌器,可回收垃圾
鱼竿,可回收垃圾
芭比娃娃,可回收垃圾
塑料储物箱,可回收垃圾
脱排油烟机,可回收垃圾
燃气灶,可回收垃圾
童鞋,可回收垃圾
闹铃,可回收垃圾
电水壶,可回收垃圾
旅行箱,大件垃圾
饼干盒,可回收垃圾
首饰盒,可回收垃圾
味全果汁瓶,可回收垃圾
榨果汁机,可回收垃圾
百叶窗,可回收垃圾
金属鱼钩,可回收垃圾
橡胶拖鞋,可回收垃圾
化妆品外包装纸盒,可回收垃圾
电瓶车防晒垫,可回收垃圾
罐头瓶,可回收垃圾
环保布质垃圾袋,可回收垃圾
浴室防滑垫,可回收垃圾
手机屏,可回收垃圾
棉签盒,可回收垃圾
羊毛被,可回收垃圾
iPhone,可回收垃圾
翡翠手镯,可回收垃圾
汽车模型,可回收垃圾
秋裤,可回收垃圾
铁皮盖,可回收垃圾
食用油玻璃瓶,可回收垃圾
奶粉罐铝盖,可回收垃圾
洗衣液桶,可回收垃圾
吉他,可回收垃圾
酱菜瓶,可回收垃圾
腐乳瓶,可回收垃圾
维他奶包装,可回收垃圾
易拉罐盖,可回收垃圾
指甲刀,可回收垃圾
牙膏盒,可回收垃圾
搓衣板,可回收垃圾
咖啡杯套,可回收垃圾
果酱瓶,可回收垃圾
佐料瓶,可回收垃圾
丝绸,可回收垃圾
毛皮,可回收垃圾
椰奶盒,可回收垃圾
塑料文件袋,可回收垃圾
美肤仪,可回收垃圾
洁面仪,可回收垃圾
健身器材,可回收垃圾
纯牛奶纸盒,可回收垃圾
电动刮痧板,可回收垃圾
大提琴,可回收垃圾
水果刀,可回收垃圾
丝带,可回收垃圾
塑料沙漏,可回收垃圾
手机支撑架,可回收垃圾
滴露瓶,可回收垃圾
USB线,可回收垃圾
塑料拖把杆,可回收垃圾
番茄酱瓶,可回收垃圾
牛奶塑料瓶,可回收垃圾
旧窗帘,可回收垃圾
椰汁瓶,可回收垃圾
手机充电宝,可回收垃圾
手机充电器,可回收垃圾
凉鞋,可回收垃圾
节能灯插座,可回收垃圾
花洒软管,可回收垃圾
软塑料隔热垫,可回收垃圾
银行账单,可回收垃圾
喷火枪,可回收垃圾
酸奶瓶,可回收垃圾
打气筒,可回收垃圾
神仙水瓶,可回收垃圾
塑料调色盘,可回收垃圾
木勺,可回收垃圾
卷纸内芯,可回收垃圾
卷筒纸内芯,可回收垃圾
椰奶罐,可回收垃圾
卷纸芯,可回收垃圾
木棒,可回收垃圾
五金材料,可回收垃圾
塑料锅铲,可回收垃圾
木质锅铲,可回收垃圾
牙线盒,可回收垃圾
乐扣塑料盒,可回收垃圾
乐扣玻璃盒,可回收垃圾
木质花架,可回收垃圾
绿茶包装盒,可回收垃圾
电蒸锅,可回收垃圾
钻戒,可回收垃圾
银戒指,可回收垃圾
即冲奶茶包装盒,可回收垃圾
电容,可回收垃圾
电阻,可回收垃圾
二极管,可回收垃圾
三极管,可回收垃圾
废食用油瓶,可回收垃圾
开关,可回收垃圾
鸡蛋包装盒,可回收垃圾
黑板,大件垃圾
豆浆机,可回收垃圾
铁罐子,可回收垃圾
CD塑料盒,可回收垃圾
香薰玻璃瓶,可回收垃圾
真皮制品,可回收垃圾
羊皮制品,可回收垃圾
皮草制品,可回收垃圾
化妆品玻璃瓶,可回收垃圾
帆布鞋,可回收垃圾
休闲鞋,可回收垃圾
关东煮隔热杯套,可回收垃圾
烫衣板,可回收垃圾
废弃药瓶,有害垃圾
手机电池,有害垃圾
废荧光灯管,有害垃圾
废水银温度计,有害垃圾
废水银血压计,有害垃圾
过期药品,有害垃圾
废农药,有害垃圾
节能灯（含水银）,有害垃圾
LED 灯（含水银）,有害垃圾
油漆桶,有害垃圾
酒精,有害垃圾
调色板,有害垃圾
过期的胶囊药物,有害垃圾
过期药片,有害垃圾
医用棉签,干垃圾
医用手套,有害垃圾
农药瓶,有害垃圾
医用纱布,有害垃圾
口服液瓶,有害垃圾
废弃灯泡,有害垃圾
油漆笔,有害垃圾
锂电池,有害垃圾
生石灰,有害垃圾
胶卷底片,有害垃圾
废矿物油,有害垃圾
消毒剂,有害垃圾
胶片,有害垃圾
废血压计,有害垃圾
废镍镉电池,有害垃圾
氧化汞电池,有害垃圾
工业胶水,有害垃圾
胶合剂,有害垃圾
染发剂,有害垃圾
染发膏,有害垃圾
钮扣电池,有害垃圾
打印机墨盒,有害垃圾
硒鼓,有害垃圾
指甲油瓶子,有害垃圾
雷达瓶子,有害垃圾
塑料药盒,有害垃圾
过期指甲油,有害垃圾
卸甲膜,有害垃圾
医用针管,有害垃圾
膏药,干垃圾
药瓶,有害垃圾
药包装,有害垃圾
咳嗽药水瓶,有害垃圾
针头,有害垃圾
塑料药瓶,有害垃圾
药片包装,有害垃圾
药品包装袋,有害垃圾
一次性注射器,有害垃圾
玻璃药瓶,有害垃圾
开塞露,有害垃圾
板蓝根冲剂,有害垃圾
口服液,有害垃圾
铅酸电池,有害垃圾
荧光灯,有害垃圾
卸甲水,有害垃圾
水银体温计,有害垃圾
X光片,有害垃圾
相片底片,有害垃圾
深海鱼油,有害垃圾
眼药水,有害垃圾
笔记本电脑电池,有害垃圾
过期感冒药,有害垃圾
冻干粉,有害垃圾
杀虫子罐,有害垃圾
染发手套,有害垃圾
钙片,有害垃圾
药膏,有害垃圾
药膏包装壳,有害垃圾
眼药水瓶,有害垃圾
药水玻璃瓶,有害垃圾
空药瓶,有害垃圾
空调清洗消毒液瓶,有害垃圾
安神补脑液瓶,有害垃圾
蟑螂药,有害垃圾
过期西药,有害垃圾
药品纸盒,有害垃圾
伤筋膏药,有害垃圾
伤筋药膏包装,有害垃圾
止痛膏,有害垃圾
纸药盒,有害垃圾
除渍剂,有害垃圾
西药瓶,有害垃圾
保健品瓶子,有害垃圾
打印机色带,有害垃圾
给药器,有害垃圾
松节油,有害垃圾
维生素瓶,有害垃圾
药液袋,有害垃圾
药片铝塑包装,有害垃圾
医用注射器,有害垃圾
输液瓶,有害垃圾
碳粉盒,有害垃圾
化学剂桶,有害垃圾
胶水桶,有害垃圾
马应龙,有害垃圾
鱼油胶囊,有害垃圾
药壶,有害垃圾
碘酒瓶,有害垃圾
外敷伤药,有害垃圾
膏药布,有害垃圾
透明塑料药瓶,有害垃圾
樟脑丸,有害垃圾
电灯泡,有害垃圾
金霉素眼药膏,有害垃圾
咳嗽药片,有害垃圾
达克宁药膏,有害垃圾
达克宁药膏皮,有害垃圾
卸甲油,有害垃圾
止咳糖浆瓶,有害垃圾
痔疮膏,有害垃圾
泡腾片,有害垃圾
阿胶糕,湿垃圾
塑料档案袋,可回收垃圾
纸质档案袋,可回收垃圾
河蚌,干垃圾
背心,可回收垃圾
贝壳肉,湿垃圾
方便面袋,干垃圾
茶饼,湿垃圾
玻璃罐,可回收垃圾
铝箔包,干垃圾
锡箔纸,干垃圾
不锈钢杯,可回收垃圾
餐巾纸,干垃圾
党参,湿垃圾
残渣剩饭,湿垃圾
草帽,干垃圾
电池,有害垃圾
干电池,有害垃圾
塑料尺,可回收垃圾
不锈钢尺,可回收垃圾
毛毛虫,湿垃圾
宠物毛发,干垃圾
金属厨具,可回收垃圾
厨房垃圾袋,干垃圾
纯棉靠垫,可回收垃圾
纯棉靠枕,可回收垃圾
磁盘盒,可回收垃圾
磁片盒,可回收垃圾
暖瓶玻璃内胆,可回收垃圾
打碎的碗,干垃圾
鱼的内脏,湿垃圾
塑料凳,可回收垃圾
地瓜皮,湿垃圾
快递冰袋,干垃圾
过期糕点,湿垃圾
冬笋,湿垃圾
水银温度计,有害垃圾
防晒霜空瓶,可回收垃圾
废花盆,干垃圾
废胶片,有害垃圾
凤梨,湿垃圾
中药敷贴,干垃圾
护肤品玻璃空瓶,可回收垃圾
护肤品塑料空瓶,可回收垃圾
护肤霜玻璃空瓶,可回收垃圾
猪肉脯,湿垃圾
可擦复写笔,干垃圾
塑料盖,可回收垃圾
青菜杆,湿垃圾
玻璃烟缸,可回收垃圾
隔离霜空瓶,可回收垃圾
各类过期药品,有害垃圾
金属工具,可回收垃圾
含汞电池,有害垃圾
狗尿布,干垃圾
鸡骨,湿垃圾
挂耳咖啡包,干垃圾
铝锅,可回收垃圾
过滤芯,干垃圾
电焊丝,可回收垃圾
木盒,可回收垃圾
黑木耳,湿垃圾
护发素塑料空瓶,可回收垃圾
精华液玻璃空瓶,可回收垃圾
精华液塑料空瓶,可回收垃圾
油画,干垃圾
油画棒,干垃圾
家养花卉,湿垃圾
木质积木,可回收垃圾
鸡骨架,湿垃圾
金属衣架,可回收垃圾
无汞碱性电池,干垃圾
豆角壳,湿垃圾
节能灯泡,有害垃圾
桔子,湿垃圾
洗洁精空瓶,可回收垃圾
酒精棉,干垃圾
干净的纸杯,干垃圾
净水器滤芯,干垃圾
旧草帽,干垃圾
玻璃餐具,可回收垃圾
塑料卡片,可回收垃圾
烤肉,湿垃圾
乐扣乐扣塑料盒,可回收垃圾
木筷子,可回收垃圾
塑料筷子,可回收垃圾
宽粉,湿垃圾
金属制菜篮子,可回收垃圾
烂黄瓜,湿垃圾
利乐枕,可回收垃圾
利乐砖,可回收垃圾
可乐空罐,可回收垃圾
鱼类,湿垃圾
荔枝,湿垃圾
长筒连裤袜,干垃圾
护脸霜玻璃空瓶,可回收垃圾
护脸霜塑料空瓶,可回收垃圾
鸟粮,湿垃圾
木质晾衣架,可回收垃圾
不锈钢晾衣杆,可回收垃圾
过期零食,湿垃圾
金属哑铃,可回收垃圾
榴莲,干垃圾
花露水玻璃空瓶,可回收垃圾
沐浴露玻璃空瓶,可回收垃圾
沐浴露塑料空瓶,可回收垃圾
马甲袋,干垃圾
满天星,湿垃圾
话梅核,湿垃圾
空灭火器,可回收垃圾
灭蚊剂瓶,有害垃圾
包书膜,干垃圾
磨砂膏塑料空瓶,可回收垃圾
废旧抹布,干垃圾
墨鱼,湿垃圾
泡沫餐盒,干垃圾
塑料收纳箱,可回收垃圾
无纺布收纳箱,可回收垃圾
奶片,湿垃圾
胶囊药片,有害垃圾
镉镍电池,有害垃圾
镍铝电池,有害垃圾
泡菜,湿垃圾
杀虫喷雾罐,有害垃圾
杀虫喷雾瓶,有害垃圾
玻璃盆,可回收垃圾
瓜皮,湿垃圾
收银小票,可回收垃圾
废药品,有害垃圾
铝瓶,可回收垃圾
破瓷瓶,干垃圾
过期茶叶,湿垃圾
乳胶漆,有害垃圾
空煤气罐,可回收垃圾
彩色铅笔,干垃圾
木头铅笔,干垃圾
青草,湿垃圾
镍氢电池,有害垃圾
装订铁圈,可回收垃圾
燃气罐空瓶,可回收垃圾
燃油罐空瓶,可回收垃圾
染发料瓶,有害垃圾
日光灯管,有害垃圾
金属制容器,可回收垃圾
毛绒垫,可回收垃圾
果肉,湿垃圾
润发乳空瓶,可回收垃圾
润肤霜玻璃空瓶,可回收垃圾
砂纸,干垃圾
杀虫剂罐,有害垃圾
杀虫剂瓶,有害垃圾
沙包,干垃圾
防晒霜玻璃空瓶,可回收垃圾
防晒霜塑料空瓶,可回收垃圾
山芋皮,湿垃圾
剩饭剩菜,湿垃圾
风干食品,湿垃圾
过期粮食,湿垃圾
狗屎纸,干垃圾
过期芝士,湿垃圾
手纸,干垃圾
受污染纸张,干垃圾
腐烂蔬菜,湿垃圾
金属锅,可回收垃圾
漱口水塑料空瓶,可回收垃圾
面霜塑料空瓶,可回收垃圾
爽肤水玻璃空瓶,可回收垃圾
爽肤水塑料空瓶,可回收垃圾
死鱼,湿垃圾
速冻饺子包装,干垃圾
酸奶利乐包装盒,可回收垃圾
碎玻璃,可回收垃圾
碎瓷片,干垃圾
污损报纸,干垃圾
污损纸盒,干垃圾
太阳能电池,有害垃圾
羊毛毯,可回收垃圾
碎陶瓷,干垃圾
陶瓷刀,干垃圾
田螺肉,湿垃圾
铁桶,可回收垃圾
纸筒,可回收垃圾
竹筒,干垃圾
薯片外包装,干垃圾
陶瓷碗,干垃圾
调味品,湿垃圾
保温材料,干垃圾
无花果壳,湿垃圾
衣物,可回收垃圾
锡纸盒,干垃圾
竹席,干垃圾
相片,有害垃圾
相纸,有害垃圾
相片纸,有害垃圾
橡胶垫,干垃圾
84消毒液空瓶,有害垃圾
小排,湿垃圾
卸妆油空瓶,可回收垃圾
杏,湿垃圾
铅蓄电池,有害垃圾
雪蟹蟹壳,湿垃圾
龙眼壳,湿垃圾
过期燕麦片,湿垃圾
羊肉,湿垃圾
花椰菜,湿垃圾
口服液药瓶,有害垃圾
洗手液空瓶,可回收垃圾
皮衣,可回收垃圾
电影胶片,有害垃圾
有机溶剂包装,有害垃圾
玉米杆,湿垃圾
鲜肉月饼,湿垃圾
家养盆栽,湿垃圾
药渣,湿垃圾
炸鸡腿,湿垃圾
粘鼠胶,有害垃圾
木质擀面杖,可回收垃圾
塑料擀面杖,可回收垃圾
纸质账单,可回收垃圾
照相机电池,有害垃圾
塑料砧板,可回收垃圾
乳制品,湿垃圾
玻璃制品,可回收垃圾
圆珠笔笔套,可回收垃圾
水煮花生壳,湿垃圾
包装袋,干垃圾
自动铅笔,干垃圾
钻头,可回收垃圾
安全座椅,大件垃圾
白板,大件垃圾
板凳,大件垃圾
脚踏车,大件垃圾
抽屉,大件垃圾
储物柜,大件垃圾
床,大件垃圾
凳子,大件垃圾
手风琴,大件垃圾
柜子,大件垃圾
大件垃圾,大件垃圾
家具,大件垃圾
红木家具,大件垃圾
书架,大件垃圾
课桌,大件垃圾
席梦思,大件垃圾
电脑桌,大件垃圾
书柜,大件垃圾
木箱,大件垃圾
收录音机,可回收垃圾
小型音响,可回收垃圾
饮水机,可回收垃圾
电子游戏机,可回收垃圾
电子手表,可回收垃圾
尿袋（家庭产生）,干垃圾
手持电风扇,可回收垃圾
空调器,可回收垃圾
大型多功能打印机,可回收垃圾
大型复印机,可回收垃圾
大型烘干机,可回收垃圾
小型烘干机,可回收垃圾
电子体温计,可回收垃圾
冷暖气机,可回收垃圾
落地电风扇,可回收垃圾
落地式台灯,可回收垃圾
迷你电视机,可回收垃圾
电子闹钟,可回收垃圾
大屏电视机,可回收垃圾
台式电脑,可回收垃圾
大型显示器,可回收垃圾
小型显示器,可回收垃圾
小型保险箱,可回收垃圾
果汁机,可回收垃圾
书桌,大件垃圾
桌子,大件垃圾
家用吸尘器,可回收垃圾
